file,sheet,row,date,date_raw,time_raw,auction_name_raw,contract_raw,status_raw,venue_raw,V,B,bid_count,successful_bid_count,mean_bids_per_bidder,mean_bid_size,mu_B,sd_B,mu_W,sd_W,R,N,S,candidate,exclusion_reasons,reported_numeric_eligible
emission-spot-primary-market-auction-report-2020-data.xlsx,Primary Market Auction,32,2020-11-04,2020-11-04 00:00:00,2020-11-04 15:00:41.331000,EUAA Auction CAP2-EU,EAA3,successful,EU,891500.0,2026000.0,34.0,15.0,3.4,59588.0,202600.0,246771.0,148583.0,156098.0,2.27,10.0,6.0,False,not_EUA_contract,False
emission-spot-primary-market-auction-report-2020-data.xlsx,Primary Market Auction,51,2020-10-07,2020-10-07 00:00:00,2020-10-07 15:01:38.716000,EUAA Auction DE,EAA3,successful,DE,769000.0,2307000.0,35.0,11.0,3.5,65914.0,230700.0,210537.0,153800.0,94237.0,3.0,10.0,5.0,False,not_EUA_contract,False
emission-spot-primary-market-auction-report-2020-data.xlsx,Primary Market Auction,70,2020-09-09,2020-09-09 00:00:00,2020-09-09 15:01:12.748000,EUAA Auction CAP2-EU,EAA3,successful,EU,810500.0,1868000.0,31.0,17.0,3.1,60258.0,186800.0,226053.0,101313.0,81322.0,2.3,10.0,8.0,False,not_EUA_contract,False
emission-spot-primary-market-auction-report-2020-data.xlsx,Primary Market Auction,114,2020-07-01,2020-07-01 00:00:00,2020-07-01 15:00:40.236000,EUAA Auction CAP2-EU,EAA3,successful,EU,810500.0,2453500.0,28.0,7.0,3.5,87625.0,306688.0,259914.0,202625.0,219071.0,3.03,8.0,4.0,False,not_EUA_contract,False
emission-spot-primary-market-auction-report-2020-data.xlsx,Primary Market Auction,147,2020-05-06,2020-05-06 00:00:00,2020-05-06 15:00:30.817000,EUAA Auction CAP2-EU,EAA3,successful,EU,810500.0,1729500.0,17.0,7.0,2.83,101735.0,288250.0,253121.0,202625.0,112786.0,2.13,6.0,4.0,False,not_EUA_contract,False
emission-spot-primary-market-auction-report-2020-data.xlsx,Primary Market Auction,162,2020-04-08,2020-04-08 00:00:00,2020-04-08 15:00:55.622000,EUAA Auction CAP2-PL,EAA3,successful,PL,105500.0,422000.0,20.0,5.0,2.86,21100.0,60286.0,41562.0,26375.0,15497.0,4.0,7.0,4.0,False,not_EUA_contract,False
emission-spot-primary-market-auction-report-2020-data.xlsx,Primary Market Auction,177,2020-03-17,2020-03-17 00:00:00,2020-03-17 11:00:38.223000,Auction 3. Period CAP2-EU,T3PA,cancelled,EU,2717500.0,2668500.0,45.0,0.0,2.81,59300.0,166781.0,186155.0,,,0.98,16.0,0.0,False,not_explicit_successful,False
emission-spot-primary-market-auction-report-2020-data.xlsx,Primary Market Auction,181,2020-03-11,2020-03-11 00:00:00,2020-03-11 15:00:33.372000,EUAA Auction CAP2-EU,EAA3,successful,EU,810500.0,1825000.0,28.0,9.0,4.67,65179.0,304167.0,253483.0,202625.0,93652.0,2.25,6.0,4.0,False,not_EUA_contract,False
emission-spot-primary-market-auction-report-2020-data.xlsx,Primary Market Auction,218,2020-01-15,2020-01-15 00:00:00,2020-01-15 15:00:36.286000,EUAA Auction CAP2-EU,EAA3,successful,EU,810500.0,3150500.0,52.0,12.0,6.5,60587.0,393813.0,290528.0,202625.0,126800.0,3.89,8.0,4.0,False,not_EUA_contract,False
emission-spot-primary-market-auction-report-2021-data.xlsx,Primary Market Auction,35,2021-11-10,2021-11-10 00:00:00,2021-11-10 15:00:31.855000,EUAA Auction CAP3 EU,EAA3,successful,EU,613500.0,1370500.0,27.0,9.0,3.86,50759.0,195786.0,210922.0,122700.0,123118.0,2.23,7.0,5.0,False,not_EUA_contract,False
emission-spot-primary-market-auction-report-2021-data.xlsx,Primary Market Auction,56,2021-10-13,2021-10-13 00:00:00,2021-10-13 15:00:30.157000,EUAA Auction DE,EAA3,successful,DE,600000.0,1785000.0,68.0,7.0,8.5,26250.0,223125.0,181881.0,150000.0,107005.0,2.98,8.0,4.0,False,not_EUA_contract,False
emission-spot-primary-market-auction-report-2021-data.xlsx,Primary Market Auction,77,2021-09-15,2021-09-15 00:00:00,2021-09-15 15:00:27.656000,EUAA Auction CAP3 EU,EAA3,successful,EU,614500.0,1044500.0,33.0,21.0,4.71,31652.0,149214.0,137952.0,122900.0,152587.0,1.7,7.0,5.0,False,not_EUA_contract,False
emission-spot-primary-market-auction-report-2021-data.xlsx,Primary Market Auction,126,2021-07-07,2021-07-07 00:00:00,2021-07-07 15:00:41.185000,EUAA Auction CAP3 EU,EAA3,successful,EU,614500.0,1486000.0,18.0,7.0,3.6,82556.0,297200.0,206783.0,153625.0,116936.0,2.42,5.0,4.0,False,not_EUA_contract,False
emission-spot-primary-market-auction-report-2021-data.xlsx,Primary Market Auction,163,2021-05-12,2021-05-12 00:00:00,2021-05-12 15:00:41.204000,EUAA Auction CAP3 EU,EAA3,successful,EU,614500.0,1949500.0,26.0,9.0,4.33,74981.0,324917.0,213955.0,122900.0,61471.0,3.17,6.0,5.0,False,not_EUA_contract,False
emission-spot-primary-market-auction-report-2021-data.xlsx,Primary Market Auction,183,2021-04-14,2021-04-14 00:00:00,2021-04-14 15:00:47.250000,EUAA Auction CAP3 PL,EAA3,successful,PL,114000.0,508000.0,25.0,2.0,3.57,20320.0,72571.0,48341.0,57000.0,44000.0,4.46,7.0,2.0,False,not_EUA_contract,False
emission-spot-primary-market-auction-report-2021-data.xlsx,Primary Market Auction,202,2021-03-17,2021-03-17 00:00:00,2021-03-17 15:00:46.175000,EUAA Auction CAP3 EU,EAA3,successful,EU,614500.0,1104500.0,29.0,11.0,4.14,38086.0,157786.0,195077.0,102417.0,74683.0,1.8,7.0,6.0,False,not_EUA_contract,False
emission-spot-primary-market-auction-report-2022-data.xlsx,Primary Market Auction,28,2022-11-16,2022-11-16 00:00:00,2022-11-16 11:00:28.258000,EUAA Auction CAP3 EU,EAA3,successful,EU,602000.0,954000.0,35.0,21.0,5.0,27257.0,136286.0,195404.0,120400.0,127820.0,1.58,7.0,5.0,False,not_EUA_contract,False
emission-spot-primary-market-auction-report-2022-data.xlsx,Primary Market Auction,47,2022-10-19,2022-10-19 00:00:00,2022-10-19 11:00:50.866000,EUAA Auction DE,EAA3,successful,DE,586500.0,1178000.0,28.0,9.0,4.67,42071.0,196333.0,189354.0,146625.0,117273.0,2.01,6.0,4.0,False,not_EUA_contract,False
emission-spot-primary-market-auction-report-2022-data.xlsx,Primary Market Auction,66,2022-09-21,2022-09-21 00:00:00,2022-09-21 11:01:08.236000,Auction 4. Period CAP3 NIR,T3PA,successful,XI,929000.0,2724000.0,66.0,18.0,3.88,41273.0,160235.0,238017.0,116125.0,130967.0,2.93,17.0,8.0,False,outside_venue,False
emission-spot-primary-market-auction-report-2022-data.xlsx,Primary Market Auction,75,2022-09-07,2022-09-07 00:00:00,2022-09-07 11:00:41.856000,EUAA Auction CAP3 EU,EAA3,successful,EU,600000.0,634000.0,23.0,22.0,3.83,27565.0,105667.0,96965.0,100000.0,96334.0,1.06,6.0,6.0,False,not_EUA_contract,False
emission-spot-primary-market-auction-report-2022-data.xlsx,Primary Market Auction,130,2022-06-15,2022-06-15 00:00:00,2022-06-15 11:00:21.917000,EUAA Auction CAP3 EU,EAA3,successful,EU,600000.0,1250000.0,34.0,17.0,4.25,36765.0,156250.0,175619.0,85714.0,98321.0,2.08,8.0,7.0,False,not_EUA_contract,False
emission-spot-primary-market-auction-report-2022-data.xlsx,Primary Market Auction,144,2022-05-18,2022-05-18 00:00:00,2022-05-18 11:01:14.894000,EUAA Auction CAP3 PL,EAA3,successful,PL,109500.0,488000.0,29.0,6.0,3.22,16828.0,54222.0,39075.0,27375.0,13681.0,4.46,9.0,4.0,False,not_EUA_contract,False
emission-spot-primary-market-auction-report-2022-data.xlsx,Primary Market Auction,170,2022-04-06,2022-04-06 00:00:00,2022-04-06 11:01:13.357000,EUAA Auction CAP3 EU,EAA3,successful,EU,600000.0,1541500.0,37.0,24.0,4.63,41662.0,192688.0,231790.0,85714.0,128544.0,2.57,8.0,7.0,False,not_EUA_contract,False
emission-spot-primary-market-auction-report-2022-data.xlsx,Primary Market Auction,193,2022-03-02,2022-03-02 00:00:00,2022-03-02 11:01:21.668000,Auction 4. Period CAP3 PL,T3PA,cancelled,PL,2658000.0,2327000.0,45.0,0.0,2.65,51711.0,136882.0,233798.0,,,0.88,17.0,0.0,False,not_explicit_successful,False
emission-spot-primary-market-auction-report-2022-data.xlsx,Primary Market Auction,198,2022-02-23,2022-02-23 00:00:00,2022-02-23 11:00:35.153000,Auction 4. Period CAP3 NIR,T3PA,successful,XI,1108500.0,2375500.0,64.0,12.0,3.56,37117.0,131972.0,182257.0,110850.0,217502.0,2.14,18.0,10.0,False,outside_venue,False
emission-spot-primary-market-auction-report-2022-data.xlsx,Primary Market Auction,208,2022-02-09,2022-02-09 00:00:00,2022-02-09 11:00:58.314000,EUAA Auction CAP3 EU,EAA3,successful,EU,600000.0,1130500.0,24.0,10.0,3.43,47104.0,161500.0,215120.0,100000.0,127577.0,1.88,7.0,6.0,False,not_EUA_contract,False
emission-spot-primary-market-auction-report-2022-data.xlsx,Primary Market Auction,214,2022-02-01,2022-02-01 00:00:00,2022-02-01 11:40:55.066000,Auction 4. Period CAP3 EU,T3PA,cancelled,EU,2449000.0,1242500.0,25.0,0.0,2.78,49700.0,138056.0,209034.0,,,0.51,9.0,0.0,False,not_explicit_successful,False
emission-spot-primary-market-auction-report-2023-data.xlsx,Primary Market Auction,10,2023-12-13,2023-12-13 00:00:00,2023-12-13 11:00:18.396000,EUAA Auction CAP3 PL,EAA3,successful,PL,169500.0,810000.0,40.0,4.0,4.0,20250.0,81000.0,42811.0,42375.0,12920.0,4.78,10.0,4.0,False,not_EUA_contract,False
emission-spot-primary-market-auction-report-2023-data.xlsx,Primary Market Auction,29,2023-11-15,2023-11-15 00:00:00,2023-11-15 11:00:25.964000,EUAA Auction CAP3 EU,EAA3,successful,EU,766500.0,1973000.0,60.0,10.0,6.0,32883.0,197300.0,208808.0,95813.0,125641.0,2.57,10.0,8.0,False,not_EUA_contract,False
emission-spot-primary-market-auction-report-2023-data.xlsx,Primary Market Auction,48,2023-10-18,2023-10-18 00:00:00,2023-10-18 11:00:38.615000,EUAA Auction DE,EAA3,successful,DE,907000.0,1950500.0,63.0,24.0,4.85,30960.0,150038.0,145839.0,75583.0,68502.0,2.15,13.0,12.0,False,not_EUA_contract,False
emission-spot-primary-market-auction-report-2023-data.xlsx,Primary Market Auction,58,2023-10-04,2023-10-04 00:00:00,2023-10-04 11:00:28.275000,Auction 4. Period CAP3 NIR,T3PA,successful,XI,1000000.0,2208500.0,75.0,26.0,5.0,29447.0,147233.0,134370.0,76923.0,85367.0,2.21,15.0,13.0,False,outside_venue,False
emission-spot-primary-market-auction-report-2023-data.xlsx,Primary Market Auction,68,2023-09-20,2023-09-20 00:00:00,2023-09-20 11:00:45.341000,EUAA Auction CAP3 EU,EAA3,successful,EU,775500.0,2398000.0,63.0,13.0,5.25,38063.0,199833.0,216624.0,129250.0,96248.0,3.09,12.0,6.0,False,not_EUA_contract,False
emission-spot-primary-market-auction-report-2023-data.xlsx,Primary Market Auction,113,2023-07-12,2023-07-12 00:00:00,2023-07-12 11:01:23.191000,EUAA Auction CAP3 EU,EAA3,successful,EU,775500.0,1645000.0,48.0,21.0,3.69,34271.0,126538.0,193424.0,86167.0,115250.0,2.12,13.0,9.0,False,not_EUA_contract,False
emission-spot-primary-market-auction-report-2023-data.xlsx,Primary Market Auction,147,2023-05-17,2023-05-17 00:00:00,2023-05-17 11:00:21.431000,EUAA Auction CAP3 EU,EAA3,successful,EU,775500.0,2362500.0,58.0,14.0,3.87,40733.0,157500.0,193106.0,110786.0,83735.0,3.05,15.0,7.0,False,not_EUA_contract,False
emission-spot-primary-market-auction-report-2023-data.xlsx,Primary Market Auction,181,2023-03-22,2023-03-22 00:00:00,2023-03-22 11:00:27.478000,EUAA Auction CAP3 EU,EAA3,successful,EU,775500.0,1894000.0,54.0,20.0,5.4,35074.0,189400.0,228597.0,96938.0,87683.0,2.44,10.0,8.0,False,not_EUA_contract,False
emission-spot-primary-market-auction-report-2023-data.xlsx,Primary Market Auction,218,2023-01-25,2023-01-25 00:00:00,2023-01-25 11:00:27.078000,EUAA Auction CAP3 EU,EAA3,successful,EU,775500.0,1160000.0,38.0,30.0,3.8,30526.0,116000.0,108312.0,77550.0,82704.0,1.5,10.0,10.0,False,not_EUA_contract,False
emission-spot-primary-market-auction-report-2024-data.xlsx,Primary Market Auction,10,2024-12-11,2024-12-11 00:00:00,2024-12-11 11:00:26.702000,EUAA Auction CAP3 PL,EAA3,successful,PL,198000.0,1035000.0,46.0,8.0,4.6,22500.0,103500.0,72125.0,33000.0,9967.0,5.23,10.0,6.0,False,not_EUA_contract,False
emission-spot-primary-market-auction-report-2024-data.xlsx,Primary Market Auction,29,2024-11-13,2024-11-13 00:00:00,2024-11-13 11:00:19.384000,EUAA Auction CAP3 EU,EAA3,successful,EU,899500.0,2363000.0,60.0,19.0,4.29,39383.0,168786.0,150391.0,99944.0,94072.0,2.63,14.0,9.0,False,not_EUA_contract,False
emission-spot-primary-market-auction-report-2024-data.xlsx,Primary Market Auction,48,2024-10-16,2024-10-16 00:00:00,2024-10-16 11:00:20.828000,EUAA Auction DE,EAA3,successful,DE,1061000.0,3212000.0,78.0,9.0,5.2,41179.0,214133.0,144408.0,176833.0,63210.0,3.03,15.0,6.0,False,not_EUA_contract,False
emission-spot-primary-market-auction-report-2024-data.xlsx,Primary Market Auction,58,2024-10-02,2024-10-02 00:00:00,2024-10-02 11:00:18.218000,Auction 4. Period CAP3 NIR,T3PA,successful,XI,926500.0,2247000.0,68.0,30.0,4.53,33044.0,149800.0,184756.0,71269.0,48009.0,2.43,15.0,13.0,False,outside_venue,False
emission-spot-primary-market-auction-report-2024-data.xlsx,Primary Market Auction,68,2024-09-18,2024-09-18 00:00:00,2024-09-18 11:01:38.475000,EUAA Auction CAP3 EU,EAA3,successful,EU,906000.0,2412000.0,72.0,28.0,6.0,33500.0,201000.0,145293.0,82364.0,66594.0,2.66,12.0,11.0,False,not_EUA_contract,False
emission-spot-primary-market-auction-report-2024-data.xlsx,Primary Market Auction,114,2024-07-10,2024-07-10 00:00:00,2024-07-10 11:00:41.279000,EUAA Auction CAP3 EU,EAA3,successful,EU,906000.0,2048000.0,67.0,24.0,4.79,30567.0,146286.0,131776.0,82364.0,59241.0,2.26,14.0,11.0,False,not_EUA_contract,False
emission-spot-primary-market-auction-report-2024-data.xlsx,Primary Market Auction,150,2024-05-15,2024-05-15 00:00:00,2024-05-15 11:00:20.745000,EUAA Auction CAP3 EU,EAA3,successful,EU,906000.0,2368000.0,64.0,15.0,4.27,37000.0,157867.0,118714.0,100667.0,60500.0,2.61,15.0,9.0,False,not_EUA_contract,False
emission-spot-primary-market-auction-report-2024-data.xlsx,Primary Market Auction,183,2024-03-20,2024-03-20 00:00:00,2024-03-20 11:00:36.340000,EUAA Auction CAP3 EU,EAA3,successful,EU,906000.0,1537000.0,61.0,37.0,4.36,25197.0,109786.0,94304.0,64714.0,61301.0,1.7,14.0,14.0,False,not_EUA_contract,False
emission-spot-primary-market-auction-report-2024-data.xlsx,Primary Market Auction,220,2024-01-24,2024-01-24 00:00:00,2024-01-24 11:00:19.516000,EUAA Auction CAP3 EU,EAA3,successful,EU,906000.0,1674000.0,59.0,26.0,4.54,28373.0,128769.0,119421.0,82364.0,99300.0,1.85,13.0,11.0,False,not_EUA_contract,False
emission-spot-primary-market-auction-report-2025-data.xlsx,Primary Market Auction,51,2025-10-08,2025-10-08 00:00:00,2025-10-08 11:00:40.254000,Auction 4. Period CAP3 NIR,T3PA,successful,XI,796500.0,1312000.0,49.0,29.0,3.77,26776.0,100923.0,70230.0,66375.0,42778.0,1.65,13.0,12.0,False,outside_venue,False
