record_group,record_id,title,doi,dates,sample,evidence_scope,source_urls
paper_package_check,R01,SW-HyDEC: A structure-aware hybrid decomposition and ensemble learning framework for carbon price forecasting,10.1007/s00521-026-11982-8,"{""journal_first_online"": ""2026-04-13""}",实际文件：广东1614条，2015-11-26至2023-01-13；湖北1613条，2015-11-25至2023-01-13；深圳SZA-2016为806条，2016-09-01至2022-04-12。均不含表头。,出版商全文明确关联仓库；官方Figshare API v3给出文件、许可、名称；三个真实文件HTTP200、SHA256/MD5与API一致，全部工作表只读核查；不认证价格原生真实性或预测性能。,https://link.springer.com/article/10.1007/s00521-026-11982-8 | https://api.figshare.com/v2/articles/29348171
paper_package_check,R02,Carbon Price Forecasting Using Optimized Sliding Window Empirical Wavelet Transform and Gated Recurrent Unit Network to Mitigate Data Leakage,10.3390/en17174358,"{""journal_published"": ""2024-08-31""}",广东GDEA：2014-03-11至2023-03-10，1972交易日；湖北、北京、天津为另外的验证市场。,本轮直接取得出版商XML全文；只核验字面可得性和文章样本声明，没有运行模型。,https://mdpi-res.com/d_attachment/energies/energies-17-04358/article_deploy/energies-17-04358.xml
paper_package_check,R03,Forecasting the Price of Carbon with Macroeconomic and Financial variables,10.1016/j.jedc.2026.105435,"{""preprint_first_public"": ""2024-02-07"", ""read_version"": ""2026-10-03 (arXiv v3)"", ""journal_first_online"": null, ""journal_cover"": ""2026-10""}",价格及排放图为2005-03至2023-09，但正式预测样本明确为2012-06至2023-09，136个月；共同评价2018-12至2023-09。二者不得混为一个样本。,直接取得arXiv v3全文、版本记录和出版社身份API；未获取论文数据包或训练代码。,https://arxiv.org/html/2402.04828v3 | https://arxiv.org/abs/2402.04828 | https://api.elsevier.com/content/article/doi/10.1016/j.jedc.2026.105435?httpAccept=text/xml
paper_package_check,R04,Carbon Price Forecasting with Quantile Regression and Feature Selection,10.48550/arXiv.2305.03224,"{""preprint_first_public"": ""2023-05-05"", ""read_version"": ""v1""}",EU：正文声称2009-03至2020-12、182样本，训练至2019-12，测试2020；广东：训练2017-01至2020-12共1082，测试2021-01至2021-08共162。,arXiv摘要和实际下载PDF，使用现有pdftotext只读提取；不安装包、不运行论文源码。,https://arxiv.org/abs/2305.03224 | https://arxiv.org/src/2305.03224v1
paper_package_check,R05,EU ETS carbon price forecasting via VMGE-Net: a variational decomposition and channel-aware GRU framework,10.1038/s41598-026-68475-w,"{""journal_published"": ""2026-09-23""}",出版社摘要称2017-01-20至2026-03-18，1994日观察、25个变量。,出版社摘要和日期/许可信息；未取得完整实验协议和可得性声明。,https://www.nature.com/articles/s41598-026-68475-w
paper_package_check,R06,Comparative market dynamics using deep learning architectures for forecasting CO2 allowance prices across multiple jurisdictions,10.1007/s44163-026-01551-2,"{""journal_first_online"": ""2026-06-18"", ""read_version_of_record"": ""2026-08-28 (publisher page); first online remains 2026-06-18""}",七辖区EU、中国、澳大利亚、新西兰、韩国、California、RGGI；共同工作日样本2022-09-01至2025-08-31。,直接出版商全文；可得性明确，但不证明真实公开下载或协议已审计。,https://link.springer.com/article/10.1007/s44163-026-01551-2
paper_package_check,R07,CarbonTimer: Overcoming data scarcity in carbon price forecasting with a large time series model,10.1016/j.jclepro.2026.149247,"{""journal_first_online"": null, ""journal_cover"": ""2026-09-05""}",,出版社身份API与出版商提交Crossref元数据；403页面是阻碍记录，不是论文正文。,https://api.elsevier.com/content/article/PII:S0959652626017889?httpAccept=text/xml | https://api.crossref.org/works/10.1016/j.jclepro.2026.149247
paper_package_check,R08,Do Carbon Price Forecasts Improve Compliance Procurement? Evidence from European Union Allowances,10.48550/arXiv.2607.23426,"{""preprint_first_public"": ""2026-07-26"", ""read_version"": ""v1""}",原始序列2019-01-02开始；80条烧入后2019-04-25至2025-12-31共1721交易日；测试2025-05-01至2025-12-31。,直接arXiv v1全文及版本摘要；未下载作者样本、未运行预测与采购优化。,https://arxiv.org/html/2607.23426v1 | https://arxiv.org/abs/2607.23426v1
paper_package_check,R09,Carbon price forecasting with complex network and extreme learning machine,10.1016/j.physa.2019.122830,"{""journal_first_online"": null, ""journal_cover"": ""2020-05"", ""author_dataset_public"": ""2020-03-16""}",实际文件2059观察，2010-12-13至2018-12-27；两张非空表是同样长的日期/价格表示，不能相加当4118独立样本。,官方作者数据仓库页面/API与真实文件下载及所有3个工作表只读检查；论文仅身份/出版社API核实。,https://data.mendeley.com/datasets/v25wkdwgvm/1 | https://data.mendeley.com/api/datasets-v2/datasets/v25wkdwgvm?fields=articles.*&version=1 | https://data.mendeley.com/public-api/datasets/v25wkdwgvm/files?folder_id=root&version=1&%24start=0&%24limit=1000 | https://api.crossref.org/works/10.1016/j.physa.2019.122830 | https://api.elsevier.com/content/article/PII:S0378437119316097?httpAccept=text/xml
paper_package_check,R10,"Gaps between market performance, government planning and social objectives: projections and comparisons of carbon price intervals",10.1057/s41599-025-05482-8,"{""journal_published"": ""2025-07-27"", ""author_dataset_public"": ""2025-06-24""}",论文市场表现样本湖北现货日收盘2018-08-02至2022-11-30，训练截至2022-08-30，测试2022-09-01至2022-11-30；下载市场Data.xlsx为945条数据、17列但没有日期列，尚未逐日对应论文划分。另有省级年度MAC、2022夜间灯光等异频数据。,出版商可得性段直接链接nzsgz2h274；仓库实际文件API和HTTP200归档；SHA256与平台声明一致；只读检查六个XLSX和13个ZIP包，不执行MATLAB/Python/notebook。,https://www.nature.com/articles/s41599-025-05482-8 | https://data.mendeley.com/datasets/nzsgz2h274/1 | https://data.mendeley.com/public-api/datasets/nzsgz2h274/files?folder_id=root&version=1&%24start=0&%24limit=1000 | https://data.mendeley.com/api/datasets-v2/datasets/nzsgz2h274?fields=articles.*&version=1
near_neighbor,frl_liquidity_2025,The influence of market liquidity on the efficiency of China's pilot carbon markets,10.1016/j.frl.2024.106560,"{""issue"": ""2025-02"", ""first_online"": null}",中国地方试点；本子代理确切起止日期及逐市场样本数仍未知。索引摘录涉及非交易日期缺失、零成交日期使用前日价格；主代理作者全文进一步确认thin trading/volume/depth与random walk效率已有研究。,本子代理已读身份/出版社索引；2026-10-07主代理另读取作者上传全文并确认thin trading、volume、depth与random walk效率主题。全文核验是主代理提供的上下文，不冒充本子代理再次精读。,https://api.crossref.org/works/10.1016/j.frl.2024.106560
near_neighbor,carbon_thickness_2009,Carbon trading thickness and market efficiency: A non-parametric test,,"{""working_paper"": ""2009-10-13"", ""journal_version"": null}",BlueNext现货：2005-06-27至2007-12-28，627点；2008-02-26至2009-04-04，250点（按原文记载，不替作者修正日期）。,作者机构工作论文全文,https://storre.stir.ac.uk/bitstream/1893/1704/1/SEDP-2009-22-Montagnoli-de-Vries.pdf
near_neighbor,ibikunle_2016,Liquidity and market efficiency in the world's largest carbon market,10.1016/j.bar.2015.11.001,"{""accepted_manuscript_year"": ""2015"", ""issue_year"": ""2016""}",ICE/ECX EUA期货逐笔屏幕成交，2008年1月至2011年4月；产品、到期月、时间戳、价格、方向、数量等完整字段。,作者机构接受稿全文,https://www.pure.ed.ac.uk/ws/portalfiles/portal/22161953/Ibikunle_et_al._2015_Revised.pdf
near_neighbor,systematic_staleness_2024,Systematic staleness,10.1016/j.jeconom.2023.105522,"{""first_online"": ""2023-10-16"", ""issue"": ""2024-01""}",250只NYSE股票，2006年1月至2014年12月逐笔成交；previous-tick插值形成10秒收益；2265个交易日。,出版商正式全文的作者机构副本,https://iris.univr.it/retrieve/5b378998-ad22-4188-8182-6c1c9ddedd5b/BandiPirinoReno2024_ss.pdf
near_neighbor,wu_qin_2021,Assessing market efficiency and liquidity: Evidence from China's emissions trading scheme pilots,10.1016/j.scitotenv.2020.144707,"{""issue"": ""2021-05-15"", ""electronic_date"": null}",北京、广东、上海、深圳、湖北，2017年1月至2019年6月。,作者摘要：NCBI PubMed XML；非全文,https://eutils.ncbi.nlm.nih.gov/entrez/eutils/efetch.fcgi?db=pubmed&id=33736253&retmode=xml
near_neighbor,eua_conformal_2025,European Union Allowance price forecasting with Multidimensional Uncertainties: A TCN‐iTransformer Approach for Interval Estimation,10.1002/for.70024,"{""first_online"": ""2025-09-21"", ""issue"": ""2026-01""}",EUA；本轮摘要未给出合约身份、起止日期、样本量、切分及校准窗口，均未知。,出版商提交的Crossref摘要；出版社页面403，未得全文,https://api.crossref.org/works/10.1002/for.70024
near_neighbor,otsubo_2026,Intraday and Daily Price Discovery in Carbon Markets: EUA Futures Versus Carbon ETFs,10.1111/irfi.70099,"{""first_online"": ""2026-08-26"", ""issue"": ""2026-09""}",小时EUA futures/美国KEUA ETF，以及日频拍卖/期货/ETF；摘要未给确切起止日期和样本量。,出版商Crossref摘要；出版社索引另提示多成分陈旧报价可能混杂，未得全文,https://api.crossref.org/works/10.1111/irfi.70099
near_neighbor,rwc_2026,Taming Tail Risk in Financial Markets: Conformal Calibration for Nonstationary Portfolio VaR,10.48550/arXiv.2602.03903,"{""first_public"": ""2026-02-03"", ""version_read"": ""v3, 2026-08-03"", ""peer_reviewed"": false}",CRSP市值加权指数和16个美国股票组合，1990—2024；99%与97.5%单侧VaR。,arXiv v3作者全文；预印本,https://arxiv.org/html/2602.03903v3
near_neighbor,dracp_2026,Dynamic Regime-Aware Conformal Calibration for Reliable Economic Forecast Intervals under Multiple Distribution Shifts,10.48550/arXiv.2608.17079,"{""first_public"": ""2026-08-17"", ""version_read"": ""v1"", ""peer_reviewed"": false}",48个真实序列：28个欧洲HICP、13个美国宏观/能源、7个日频金融；各序列样本长度不同；另有7种模拟情景。,arXiv v1作者全文；预印本,https://arxiv.org/html/2608.17079v1
near_neighbor,kath_ziel_2019,Conformal Prediction Interval Estimations with an Application to Day-Ahead and Intraday Power Markets,10.48550/arXiv.1905.07886,"{""first_public"": ""2019-05-20"", ""version_read"": ""v2, 2020-09-17"", ""journal_date"": null}",Nord Pool日前2012—2013；德国EPEX日内2013—2016；GEFCom2014价格数据2011—2013。,作者arXiv v2全文,https://arxiv.org/pdf/1905.07886v2
near_neighbor,barber_beyond_exchangeability,Conformal Prediction Beyond Exchangeability,,"{""primary_copy_date"": null}",ELEC2澳大利亚新南威尔士/维多利亚，1996—1999半小时观测；该实验响应是州际电量transfer，不是简单“电价预测”；另有选举。,作者CMU论文全文,https://www.stat.cmu.edu/~ryantibs/papers/nexcp.pdf
near_neighbor,lo_mackinlay_1989,An Econometric Analysis of Nonsynchronous Trading,10.3386/w2960,"{""working_paper"": ""1989-05"", ""journal_year"": ""1990""}",一般金融理论和常用股票回报数据库；网页摘要未给确切样本日期；39页旧PDF仅有扫描、未OCR，不能冒充全文已读。,NBER作者摘要与出版信息,https://www.nber.org/papers/w2960
near_neighbor,glas_hartmann_2022,Uncertainty measures from partially rounded probabilistic forecast surveys,10.3982/QE1703,"{""journal_year"": ""2022""}",FED-SPF与ECB-SPF，1999Q1—2017Q4采集的概率预测，预测目标2000—2017；美国失业率预测窗口另受可用性限制。,经济计量学会正式全文,https://econometricsociety.org/publications/quantitative-economics/2022/07/01/Uncertainty-measures-from-partially-rounded-probabilistic-forecast-surveys/supp/1634-7604-1-SP.pdf
near_neighbor,gottlieb_kalay_1985,Implications of the Discreteness of Observed Stock Prices,10.1111/j.1540-6261.1985.tb04941.x,"{""issue"": ""1985-03""}",交易所股票报价按1/8单位离散；刊期目录中的作者摘要，非正文。,美国金融学会刊期页作者摘要,https://afajof.org/issue/volume-40-issue-1/
near_neighbor,conditional_limits,The limits of distribution-free conditional predictive inference,10.48550/arXiv.1903.04684,"{""first_public"": ""2019-03-12"", ""version_read"": ""v2, 2020-04-15""}",理论论文；本轮读取作者摘要，不涉及碳市场样本。,arXiv作者摘要,https://arxiv.org/abs/1903.04684
near_neighbor,text_fusion_2026,Scale-aware dynamic fusion of textual and numerical information for carbon price forecasting in Chinese emissions trading markets,10.1016/j.engappai.2026.115440,"{""issue"": ""2026-10"", ""first_online"": null}",中国碳市场；本轮没有全文或作者摘要，确切市场、样本日期及规模未知。,出版商Crossref身份元数据＋出版社索引；identity-only,https://api.crossref.org/works/10.1016/j.engappai.2026.115440
near_neighbor,procurement_2026,Do Carbon Price Forecasts Improve Compliance Procurement? Evidence from European Union Allowances,10.48550/arXiv.2607.23426,"{""first_public"": ""2026-07-26"", ""version_read"": ""v1"", ""peer_reviewed"": false}",2019—2025日频EUA；采购是固定订单的模拟，非真实企业执行效果。,arXiv v1作者摘要,https://arxiv.org/abs/2607.23426
near_neighbor,bauer_policy_2026,Carbon Pricing and Inflation Expectations,,"{""cover"": ""2026-04"", ""web_page_publication"": ""2026-03-30"", ""date_note"": ""网页日期与PDF封面月份分别保存，不用URL目录推断首发""}",EU ETS政策事件集扩展至2024；欧洲与英国债券/衍生品期限结构；确切按资产可用性分样本未全核验。,Brookings作者工作论文全文,https://www.brookings.edu/wp-content/uploads/2026/03/WP106_Bauer-et-al.pdf
near_neighbor,regional_dispersion_repository_2026,Data and code for “Regional carbon price dispersion and national market linkages in China”,10.17632/v9xpz8zb4h.1,"{""repository_publication"": ""2026-09-24"", ""version"": ""1"", ""manuscript_publication"": null}",CSMAR原始导出为2013-08-05至2024-12-06；授权延伸至2026-09-11。日/周价格面板、带日期的市场价格路径及独立上海收盘价稳健性数据不公开；本轮未核验逐市场样本数。,Mendeley作者一手仓库描述已直接读取；没有下载或执行压缩包，未读论文全文，未验证其统计结果。,https://data.mendeley.com/datasets/v9xpz8zb4h/1
