term,early_raw_mean,late_raw_mean,early_ow_mean,late_ow_mean,raw_SMD,ow_SMD
log_V,-0.0017025310912998615,0.001715873811312024,-0.0056766640010849235,-0.005676664001084947,0.0034192620956541276,-2.3424639373404033e-17
log_N,-0.09790745359351623,0.09867475338653525,0.027111879094672584,0.02711187909467249,0.19761420652067435,-9.416683462469929e-17
log_S,-0.057166575580347725,0.05761458949551118,0.0386044290542972,0.038604429054297125,0.11500083296190605,-7.647390894506628e-17
log_R,0.07612346481540416,-0.0767200436932624,-0.04265691996544843,-0.0426569199654484,-0.15337098305522595,2.7851362213340514e-17
square_zlog_V,1.1271933122504179,0.8718098749576393,0.9195160572671102,0.9195160572671102,-0.14517668201683295,0.0
square_zlog_N,1.1929383437018144,0.805549600313039,0.9040393132883694,0.9040393132883696,-0.2697231076794825,1.5460067414436312e-16
square_zlog_S,1.1334455107429742,0.8655086780443083,0.9106503374868895,0.9106503374868895,-0.11858981809018891,0.0
square_zlog_R,1.2618893534076423,0.736058222192611,0.8819459598781425,0.8819459598781424,-0.34160355757293603,-7.212508206484399e-17
series_DE,0.2130637636080871,0.21630094043887146,0.20550300282747536,0.20550300282747533,0.007884042319169523,-6.759783113037621e-17
series_PL,0.14463452566096424,0.11442006269592477,0.12213904465776239,0.12213904465776239,-0.09007341913019028,0.0
month_2,0.08553654743390357,0.08620689655172414,0.0867918708580254,0.08679187085802538,0.002392614305676881,-4.953268790459206e-17
month_3,0.09642301710730948,0.09090909090909091,0.0942772443763002,0.0942772443763002,-0.01892540388692438,0.0
month_4,0.08398133748055987,0.08307210031347963,0.08651407915330435,0.08651407915330435,-0.0032862844478212957,0.0
month_5,0.07465007776049767,0.07523510971786834,0.07476593895148054,0.07476593895148054,0.0022219340066979986,0.0
month_6,0.08864696734059098,0.0877742946708464,0.08604297562894621,0.08604297562894622,-0.0030771180836832086,4.89342605830005e-17
month_7,0.09642301710730948,0.09404388714733543,0.09409976067856557,0.09409976067856558,-0.008105106038519624,4.7278183056312625e-17
month_8,0.09331259720062209,0.09404388714733543,0.09551623233476736,0.09551623233476736,0.0025097437162928736,0.0
month_9,0.09020217729393468,0.08934169278996865,0.09037792085027031,0.0903779208502703,-0.0030102193383064195,-4.8548445718024583e-17
month_10,0.09331259720062209,0.09404388714733543,0.09181270859858866,0.09181270859858866,0.0025097437162928736,0.0
month_11,0.09331259720062209,0.0877742946708464,0.08969939713816467,0.08969939713816465,-0.01930089328763517,-9.672772482434963e-17
month_12,0.05443234836702955,0.048589341692789965,0.0501867952614621,0.050186795261462094,-0.026436794693188822,-3.139515728163843e-17
