block,spec,weighting,metric,point,lower95,upper95,lower97_5,upper97_5,valid,planned,success_fraction
3,A,unweighted,early_theta,0.5500637873219566,0.4630269120276883,0.6491536979234744,0.44642378826446144,0.6588984281052676,999,999,1.0
3,A,unweighted,late_theta,0.7797580394102537,0.675146431067732,0.8930695619277917,0.6636601851022178,0.9027128417976649,999,999,1.0
3,A,unweighted,delta_theta,0.22969425208829708,0.08742006915548128,0.37284558367221565,0.07011213293174837,0.38710332808854153,999,999,1.0
3,A,unweighted,delta_beta,0.5096963035971672,0.3496460229892543,0.6850382325633207,0.31929513678208415,0.7243042184437654,999,999,1.0
3,A,unweighted,change_delta_theta,-0.03256145599001303,-0.13486540852040058,0.08017222128262882,-0.15202966781135618,0.09153523305561612,999,999,1.0
3,A,overlap,early_theta,0.5703494003293214,0.4950026957489237,0.6585685028564439,0.4803696709936639,0.6661706569391661,999,999,1.0
3,A,overlap,late_theta,0.7674821964276054,0.6709419295928699,0.8895537569113662,0.6562642902509761,0.9037355202410322,999,999,1.0
3,A,overlap,delta_theta,0.19713279609828405,0.10840698379727706,0.2910272655609476,0.09469051535563404,0.3029434203917888,999,999,1.0
3,A,overlap,delta_beta,0.49345201873465694,0.3444748116205317,0.6794969918312905,0.32645958652147855,0.7092949152056146,999,999,1.0
3,A,overlap,change_delta_theta,-0.03256145599001303,-0.13486540852040058,0.08017222128262882,-0.15202966781135618,0.09153523305561612,999,999,1.0
3,C,unweighted,early_theta,0.5413773360052373,0.4469690662157593,0.6509366034701727,0.4319688267723544,0.6582530392892149,999,999,1.0
3,C,unweighted,late_theta,0.7719109950999266,0.6648966149452444,0.8861577572714162,0.6509882257446566,0.8969430002039194,999,999,1.0
3,C,unweighted,delta_theta,0.23053365909468926,0.07821496357852603,0.38120375730245654,0.06393256180202242,0.395166970448636,999,999,1.0
3,C,unweighted,delta_beta,0.43525333635268193,0.27855724610518995,0.6009662044464192,0.24972529489661408,0.6264094428088249,999,999,1.0
3,C,unweighted,change_delta_theta,-0.0367860305456057,-0.14486435535221887,0.07966717998225002,-0.16681388031849134,0.09423875195790928,999,999,1.0
3,C,overlap,early_theta,0.5648549780579564,0.4856113366516509,0.6586185234759517,0.4737856011856034,0.6667012915644507,999,999,1.0
3,C,overlap,late_theta,0.7586026066070399,0.6584115051232934,0.8847313522503905,0.6429222440451694,0.8986458899847988,999,999,1.0
3,C,overlap,delta_theta,0.19374762854908356,0.09822371583762714,0.28434686404450626,0.08474235661419152,0.30506929141295563,999,999,1.0
3,C,overlap,delta_beta,0.4214158259853913,0.27388150638231684,0.6007017720188012,0.24832042604500848,0.6295967933579486,999,999,1.0
3,C,overlap,change_delta_theta,-0.0367860305456057,-0.14486435535221887,0.07966717998225002,-0.16681388031849134,0.09423875195790928,999,999,1.0
1,A,unweighted,early_theta,0.5500637873219566,0.4828441107509812,0.621870420089539,0.46705142086975493,0.6300720819718595,199,199,1.0
1,A,unweighted,late_theta,0.7797580394102537,0.6973057594297328,0.8647165043423798,0.6911911903338583,0.8794314622518004,199,199,1.0
1,A,unweighted,delta_theta,0.22969425208829708,0.12730539339383548,0.3484171655012769,0.11795759115531956,0.36734580650057075,199,199,1.0
1,A,unweighted,delta_beta,0.5096963035971672,0.32366585406672344,0.692253334086337,0.303209443660587,0.7242016981093615,199,199,1.0
1,A,unweighted,change_delta_theta,-0.03256145599001303,-0.10275285539875649,0.04157015600982363,-0.11691629751814035,0.04830106284598966,199,199,1.0
1,A,overlap,early_theta,0.5703494003293214,0.49993159452223196,0.6474541157597498,0.4888805175409228,0.655769438800609,199,199,1.0
1,A,overlap,late_theta,0.7674821964276054,0.6926419912468645,0.8564099079298523,0.6523394194501344,0.865693490450375,199,199,1.0
1,A,overlap,delta_theta,0.19713279609828405,0.11847038731972667,0.2981814515360258,0.09908400356039533,0.30183550926396363,199,199,1.0
1,A,overlap,delta_beta,0.49345201873465694,0.3213464732252895,0.6910081539703049,0.2979247030792651,0.7183132906545534,199,199,1.0
1,A,overlap,change_delta_theta,-0.03256145599001303,-0.10275285539875649,0.04157015600982363,-0.11691629751814035,0.04830106284598966,199,199,1.0
1,C,unweighted,early_theta,0.5413773360052373,0.46879187823866036,0.6211158348495813,0.4553085422538275,0.6314189877712836,199,199,1.0
1,C,unweighted,late_theta,0.7719109950999266,0.6887818303459622,0.8598769256168676,0.6756852447532687,0.8742347639813552,199,199,1.0
1,C,unweighted,delta_theta,0.23053365909468926,0.12733319062039516,0.35225715859581275,0.11289155338548157,0.38273316866586066,199,199,1.0
1,C,unweighted,delta_beta,0.43525333635268193,0.2550133534470636,0.6220624164178493,0.2322434132574075,0.6319539975443974,199,199,1.0
1,C,unweighted,change_delta_theta,-0.0367860305456057,-0.10945450941244522,0.03819550290502258,-0.1240805073578593,0.05147083962314761,199,199,1.0
1,C,overlap,early_theta,0.5648549780579564,0.4910258018717537,0.6475620376274489,0.4802891987551299,0.6560281233191335,199,199,1.0
1,C,overlap,late_theta,0.7586026066070399,0.6820749959561856,0.8512272653678897,0.6408154746443142,0.8588972832795614,199,199,1.0
1,C,overlap,delta_theta,0.19374762854908356,0.10417814801940029,0.2976910877012463,0.09164289056210932,0.30332725226973967,199,199,1.0
1,C,overlap,delta_beta,0.4214158259853913,0.24950954827537836,0.612373914510353,0.23143088773973003,0.6439016754994543,199,199,1.0
1,C,overlap,change_delta_theta,-0.0367860305456057,-0.10945450941244522,0.03819550290502258,-0.1240805073578593,0.05147083962314761,199,199,1.0
6,A,unweighted,early_theta,0.5500637873219566,0.4583565620398954,0.6578648844164928,0.45436021432060947,0.6611937475719065,199,199,1.0
6,A,unweighted,late_theta,0.7797580394102537,0.6584174421262071,0.9172531263066862,0.6517184324796836,0.9209763395845318,199,199,1.0
6,A,unweighted,delta_theta,0.22969425208829708,0.0648085869858008,0.37202357203435693,0.03183841339274436,0.3873993761317906,199,199,1.0
6,A,unweighted,delta_beta,0.5096963035971672,0.33692961599937066,0.6819041024434489,0.33151594545496327,0.7047923416219957,199,199,1.0
6,A,unweighted,change_delta_theta,-0.03256145599001303,-0.12365836135401918,0.1015313330357924,-0.13045898971939385,0.11156794058695364,199,199,1.0
6,A,overlap,early_theta,0.5703494003293214,0.4717075548801902,0.6717671653809097,0.4616556246898856,0.6748134778994148,199,199,1.0
6,A,overlap,late_theta,0.7674821964276054,0.6400071149309917,0.9117659694163112,0.630979004669439,0.9158533250878736,199,199,1.0
6,A,overlap,delta_theta,0.19713279609828405,0.11161584194293732,0.2806388889639135,0.10488686895698111,0.28814241912135613,199,199,1.0
6,A,overlap,delta_beta,0.49345201873465694,0.38193813281867833,0.7055568995569036,0.35487679341901085,0.7175206295260164,199,199,1.0
6,A,overlap,change_delta_theta,-0.03256145599001303,-0.12365836135401918,0.1015313330357924,-0.13045898971939385,0.11156794058695364,199,199,1.0
6,C,unweighted,early_theta,0.5413773360052373,0.4406747200257634,0.6570237209192856,0.4371580680352232,0.6605846680084178,199,199,1.0
6,C,unweighted,late_theta,0.7719109950999266,0.6425987431027413,0.9105014877402655,0.63940610185361,0.913657033216598,199,199,1.0
6,C,unweighted,delta_theta,0.23053365909468926,0.05090536326548039,0.37922433970800795,0.018623306604768207,0.39323643546844333,199,199,1.0
6,C,unweighted,delta_beta,0.43525333635268193,0.26550168631056414,0.6011356205497911,0.26147188087402845,0.6141671733511296,199,199,1.0
6,C,unweighted,change_delta_theta,-0.0367860305456057,-0.13323626570672786,0.10107065342753925,-0.1389401105222537,0.10844092536216499,199,199,1.0
6,C,overlap,early_theta,0.5648549780579564,0.45884190537239544,0.6708683135369877,0.45750467012677914,0.6758658318961314,199,199,1.0
6,C,overlap,late_theta,0.7586026066070399,0.626554511293263,0.905054829032694,0.615887823336625,0.9080220406501007,199,199,1.0
6,C,overlap,delta_theta,0.19374762854908356,0.10358869482946795,0.2758944109340719,0.09957498107841815,0.27795791492457517,199,199,1.0
6,C,overlap,delta_beta,0.4214158259853913,0.2995825538805693,0.6157412874671709,0.2791895867607293,0.6321426504827525,199,199,1.0
6,C,overlap,change_delta_theta,-0.0367860305456057,-0.13323626570672786,0.10107065342753925,-0.1389401105222537,0.10844092536216499,199,199,1.0
