date,index,source_sheet
2000-01-01,38.2460301268454,TPU 2000 onwards
2000-02-01,14.7238105863884,TPU 2000 onwards
2000-03-01,8.93967262701049,TPU 2000 onwards
2000-04-01,8.86188802988299,TPU 2000 onwards
2000-05-01,0,TPU 2000 onwards
2000-06-01,17.9638146016777,TPU 2000 onwards
2000-07-01,37.76371873934,TPU 2000 onwards
2000-08-01,17.6798237322774,TPU 2000 onwards
2000-09-01,51.1104792864122,TPU 2000 onwards
2000-10-01,58.6010293345769,TPU 2000 onwards
2000-11-01,0,TPU 2000 onwards
2000-12-01,40.4390818376863,TPU 2000 onwards
2001-01-01,41.7809104174242,TPU 2000 onwards
2001-02-01,21.5989598000574,TPU 2000 onwards
2001-03-01,113.148368637661,TPU 2000 onwards
2001-04-01,37.0960073888305,TPU 2000 onwards
2001-05-01,9.88134292451956,TPU 2000 onwards
2001-06-01,46.8459910347631,TPU 2000 onwards
2001-07-01,54.942107038566,TPU 2000 onwards
2001-08-01,34.9694122380913,TPU 2000 onwards
2001-09-01,49.0824219525734,TPU 2000 onwards
2001-10-01,89.2430516618096,TPU 2000 onwards
2001-11-01,134.715032059113,TPU 2000 onwards
2001-12-01,160.318751763614,TPU 2000 onwards
2002-01-01,94.1850151445568,TPU 2000 onwards
2002-02-01,73.5894326874224,TPU 2000 onwards
2002-03-01,160.837048656914,TPU 2000 onwards
2002-04-01,34.1937118467187,TPU 2000 onwards
2002-05-01,112.495318354087,TPU 2000 onwards
2002-06-01,55.800236245159,TPU 2000 onwards
2002-07-01,130.052407999991,TPU 2000 onwards
2002-08-01,39.1021877030733,TPU 2000 onwards
2002-09-01,95.9522917669617,TPU 2000 onwards
2002-10-01,129.203737723258,TPU 2000 onwards
2002-11-01,37.8356243216649,TPU 2000 onwards
2002-12-01,143.064196910566,TPU 2000 onwards
2003-01-01,46.278045506717,TPU 2000 onwards
2003-02-01,18.7000365115826,TPU 2000 onwards
2003-03-01,80.3751535004165,TPU 2000 onwards
2003-04-01,92.6701810939093,TPU 2000 onwards
2003-05-01,65.1416171094597,TPU 2000 onwards
2003-06-01,7.0326894402376,TPU 2000 onwards
2003-07-01,39.0067310312497,TPU 2000 onwards
2003-08-01,47.4709392299867,TPU 2000 onwards
2003-09-01,29.3088958686161,TPU 2000 onwards
2003-10-01,76.1592613849723,TPU 2000 onwards
2003-11-01,40.9543975373132,TPU 2000 onwards
2003-12-01,49.0954627327187,TPU 2000 onwards
2004-01-01,44.4528821190802,TPU 2000 onwards
2004-02-01,53.2676414137918,TPU 2000 onwards
2004-03-01,44.5851227790582,TPU 2000 onwards
2004-04-01,50.3711782446281,TPU 2000 onwards
2004-05-01,37.5348796329748,TPU 2000 onwards
2004-06-01,58.6420614887722,TPU 2000 onwards
2004-07-01,13.2670647500178,TPU 2000 onwards
2004-08-01,0,TPU 2000 onwards
2004-09-01,54.6925770102039,TPU 2000 onwards
2004-10-01,58.8022031199967,TPU 2000 onwards
2004-11-01,41.8519340291077,TPU 2000 onwards
2004-12-01,54.440518181869,TPU 2000 onwards
2005-01-01,39.5548555069187,TPU 2000 onwards
2005-02-01,42.0987494129565,TPU 2000 onwards
2005-03-01,52.8847746426423,TPU 2000 onwards
2005-04-01,35.7333534346026,TPU 2000 onwards
2005-05-01,0,TPU 2000 onwards
2005-06-01,16.1207211306746,TPU 2000 onwards
2005-07-01,59.5730004377288,TPU 2000 onwards
2005-08-01,18.6343044818035,TPU 2000 onwards
2005-09-01,50.698005848666,TPU 2000 onwards
2005-10-01,123.155281293391,TPU 2000 onwards
2005-11-01,43.1875694284946,TPU 2000 onwards
2005-12-01,65.7681912328835,TPU 2000 onwards
2006-01-01,59.1410119133068,TPU 2000 onwards
2006-02-01,44.0983653482013,TPU 2000 onwards
2006-03-01,77.7720996643712,TPU 2000 onwards
2006-04-01,30.5819586305415,TPU 2000 onwards
2006-05-01,0,TPU 2000 onwards
2006-06-01,8.10388055702286,TPU 2000 onwards
2006-07-01,56.7362460833792,TPU 2000 onwards
2006-08-01,50.6034175358777,TPU 2000 onwards
2006-09-01,8.67586117437282,TPU 2000 onwards
2006-10-01,23.5549094897438,TPU 2000 onwards
2006-11-01,8.85638375160356,TPU 2000 onwards
2006-12-01,8.13857182653067,TPU 2000 onwards
2007-01-01,0,TPU 2000 onwards
2007-02-01,26.0384322451232,TPU 2000 onwards
2007-03-01,0,TPU 2000 onwards
2007-04-01,0,TPU 2000 onwards
2007-05-01,0,TPU 2000 onwards
2007-06-01,0,TPU 2000 onwards
2007-07-01,8.38998401887716,TPU 2000 onwards
2007-08-01,0,TPU 2000 onwards
2007-09-01,36.8548824738947,TPU 2000 onwards
2007-10-01,13.4962451372154,TPU 2000 onwards
2007-11-01,26.0434298448981,TPU 2000 onwards
2007-12-01,17.8961755131242,TPU 2000 onwards
2008-01-01,25.6440805442499,TPU 2000 onwards
2008-02-01,38.7311982665397,TPU 2000 onwards
2008-03-01,110.838578526416,TPU 2000 onwards
2008-04-01,29.6748758378392,TPU 2000 onwards
2008-05-01,35.4082665804148,TPU 2000 onwards
2008-06-01,50.3768849225652,TPU 2000 onwards
2008-07-01,159.889204773597,TPU 2000 onwards
2008-08-01,91.7850100192647,TPU 2000 onwards
2008-09-01,121.466206234938,TPU 2000 onwards
2008-10-01,126.856981120861,TPU 2000 onwards
2008-11-01,109.573643059925,TPU 2000 onwards
2008-12-01,56.3148141755386,TPU 2000 onwards
2009-01-01,50.6614712470933,TPU 2000 onwards
2009-02-01,83.2550393542867,TPU 2000 onwards
2009-03-01,120.33516590503,TPU 2000 onwards
2009-04-01,56.6164974657682,TPU 2000 onwards
2009-05-01,12.1806641661657,TPU 2000 onwards
2009-06-01,95.0792540873459,TPU 2000 onwards
2009-07-01,39.7976690959679,TPU 2000 onwards
2009-08-01,97.1519710777462,TPU 2000 onwards
2009-09-01,207.730873753916,TPU 2000 onwards
2009-10-01,91.9034238597631,TPU 2000 onwards
2009-11-01,261.77983336973,TPU 2000 onwards
2009-12-01,46.6908852339561,TPU 2000 onwards
2010-01-01,132.249663735423,TPU 2000 onwards
2010-02-01,41.2579849238919,TPU 2000 onwards
2010-03-01,260.806197564884,TPU 2000 onwards
2010-04-01,122.361764092612,TPU 2000 onwards
2010-05-01,79.7860414917732,TPU 2000 onwards
2010-06-01,138.071622102672,TPU 2000 onwards
2010-07-01,35.154777712233,TPU 2000 onwards
2010-08-01,27.6399861208272,TPU 2000 onwards
2010-09-01,138.036259371317,TPU 2000 onwards
2010-10-01,64.5783384902413,TPU 2000 onwards
2010-11-01,118.718841426591,TPU 2000 onwards
2010-12-01,85.7538214696291,TPU 2000 onwards
2011-01-01,144.001761550957,TPU 2000 onwards
2011-02-01,15.1304160831979,TPU 2000 onwards
2011-03-01,68.7284080028132,TPU 2000 onwards
2011-04-01,150.538505317609,TPU 2000 onwards
2011-05-01,11.8071170678249,TPU 2000 onwards
2011-06-01,76.0876060288508,TPU 2000 onwards
2011-07-01,0,TPU 2000 onwards
2011-08-01,23.6338228823407,TPU 2000 onwards
2011-09-01,140.196285222963,TPU 2000 onwards
2011-10-01,194.998922556005,TPU 2000 onwards
2011-11-01,236.587868924102,TPU 2000 onwards
2011-12-01,97.6441633285664,TPU 2000 onwards
2012-01-01,61.1316516262336,TPU 2000 onwards
2012-02-01,63.0626708669357,TPU 2000 onwards
2012-03-01,119.841736516578,TPU 2000 onwards
2012-04-01,105.726738424355,TPU 2000 onwards
2012-05-01,52.8098752471101,TPU 2000 onwards
2012-06-01,174.331238612348,TPU 2000 onwards
2012-07-01,79.2368260895702,TPU 2000 onwards
2012-08-01,61.6461260154029,TPU 2000 onwards
2012-09-01,187.200907839486,TPU 2000 onwards
2012-10-01,74.6958542226465,TPU 2000 onwards
2012-11-01,184.337839730607,TPU 2000 onwards
2012-12-01,90.076029462475,TPU 2000 onwards
2013-01-01,115.410639302797,TPU 2000 onwards
2013-02-01,29.6622316342131,TPU 2000 onwards
2013-03-01,51.4524970040595,TPU 2000 onwards
2013-04-01,65.2049460290596,TPU 2000 onwards
2013-05-01,33.535866285033,TPU 2000 onwards
2013-06-01,121.990483628802,TPU 2000 onwards
2013-07-01,7.35747050571812,TPU 2000 onwards
2013-08-01,37.9155615850841,TPU 2000 onwards
2013-09-01,85.2805375261438,TPU 2000 onwards
2013-10-01,88.5259930044236,TPU 2000 onwards
2013-11-01,83.2398527363411,TPU 2000 onwards
2013-12-01,57.3732166701049,TPU 2000 onwards
2014-01-01,38.9890867759841,TPU 2000 onwards
2014-02-01,23.9925177005981,TPU 2000 onwards
2014-03-01,99.8940441892206,TPU 2000 onwards
2014-04-01,67.9162592921578,TPU 2000 onwards
2014-05-01,15.7121518898972,TPU 2000 onwards
2014-06-01,31.9386143119033,TPU 2000 onwards
2014-07-01,45.0265306096041,TPU 2000 onwards
2014-08-01,19.6620251235189,TPU 2000 onwards
2014-09-01,66.014217533724,TPU 2000 onwards
2014-10-01,47.868355726684,TPU 2000 onwards
2014-11-01,108.439566680161,TPU 2000 onwards
2014-12-01,18.7495582776885,TPU 2000 onwards
2015-01-01,22.8472922892235,TPU 2000 onwards
2015-02-01,30.4349580364604,TPU 2000 onwards
2015-03-01,44.0916981666797,TPU 2000 onwards
2015-04-01,12.0264134591227,TPU 2000 onwards
2015-05-01,8.01956009003472,TPU 2000 onwards
2015-06-01,36.9904248738424,TPU 2000 onwards
2015-07-01,29.9853232518057,TPU 2000 onwards
2015-08-01,16.021098696721,TPU 2000 onwards
2015-09-01,30.6934552725697,TPU 2000 onwards
2015-10-01,56.2200084047458,TPU 2000 onwards
2015-11-01,197.352439429378,TPU 2000 onwards
2015-12-01,46.7315265120104,TPU 2000 onwards
2016-01-01,52.0982527800464,TPU 2000 onwards
2016-02-01,91.5540350657399,TPU 2000 onwards
2016-03-01,181.275652862921,TPU 2000 onwards
2016-04-01,46.7318647050767,TPU 2000 onwards
2016-05-01,105.05106284532,TPU 2000 onwards
2016-06-01,58.6006340789938,TPU 2000 onwards
2016-07-01,105.096735765667,TPU 2000 onwards
2016-08-01,140.741978209367,TPU 2000 onwards
2016-09-01,113.830866555356,TPU 2000 onwards
2016-10-01,50.3976308155757,TPU 2000 onwards
2016-11-01,86.9773570592298,TPU 2000 onwards
2016-12-01,108.03811438987,TPU 2000 onwards
2017-01-01,452.190015984582,TPU 2000 onwards
2017-02-01,286.766643321024,TPU 2000 onwards
2017-03-01,641.314699653358,TPU 2000 onwards
2017-04-01,173.027357959416,TPU 2000 onwards
2017-05-01,112.125895953821,TPU 2000 onwards
2017-06-01,264.217691853079,TPU 2000 onwards
2017-07-01,268.379458949745,TPU 2000 onwards
2017-08-01,183.08553051875,TPU 2000 onwards
2017-09-01,389.50966496452,TPU 2000 onwards
2017-10-01,167.609419237677,TPU 2000 onwards
2017-11-01,249.214770948098,TPU 2000 onwards
2017-12-01,297.173206493192,TPU 2000 onwards
2018-01-01,280.22698657809,TPU 2000 onwards
2018-02-01,110.036362797742,TPU 2000 onwards
2018-03-01,543.394243133432,TPU 2000 onwards
2018-04-01,502.915514618029,TPU 2000 onwards
2018-05-01,208.253058174833,TPU 2000 onwards
2018-06-01,444.080336776254,TPU 2000 onwards
2018-07-01,632.792318870777,TPU 2000 onwards
2018-08-01,500.029802378832,TPU 2000 onwards
2018-09-01,833.2340412615019,TPU 2000 onwards
2018-10-01,663.709182103075,TPU 2000 onwards
2018-11-01,1071.72661353643,TPU 2000 onwards
2018-12-01,363.661362540013,TPU 2000 onwards
2019-01-01,437.152397816621,TPU 2000 onwards
2019-02-01,439.769340623521,TPU 2000 onwards
2019-03-01,905.432579578503,TPU 2000 onwards
2019-04-01,392.079576863161,TPU 2000 onwards
2019-05-01,513.877752922892,TPU 2000 onwards
2019-06-01,1425.16015372533,TPU 2000 onwards
2019-07-01,597.986741163263,TPU 2000 onwards
2019-08-01,665.861534795228,TPU 2000 onwards
2019-09-01,646.710979226442,TPU 2000 onwards
2019-10-01,487.749633121624,TPU 2000 onwards
2019-11-01,879.764359872893,TPU 2000 onwards
2019-12-01,859.850899308929,TPU 2000 onwards
2020-01-01,350.253877709659,TPU 2000 onwards
2020-02-01,132.591407552874,TPU 2000 onwards
2020-03-01,105.863318160456,TPU 2000 onwards
2020-04-01,193.073250121015,TPU 2000 onwards
2020-05-01,547.312853567991,TPU 2000 onwards
2020-06-01,473.932223162113,TPU 2000 onwards
2020-07-01,340.790099241169,TPU 2000 onwards
2020-08-01,624.157416763738,TPU 2000 onwards
2020-09-01,629.94012392214,TPU 2000 onwards
2020-10-01,389.318413139614,TPU 2000 onwards
2020-11-01,1287.59765744266,TPU 2000 onwards
2020-12-01,591.80073747837,TPU 2000 onwards
2021-01-01,465.83861553811,TPU 2000 onwards
2021-02-01,171.963213544486,TPU 2000 onwards
2021-03-01,327.363920610741,TPU 2000 onwards
2021-04-01,226.63929863273,TPU 2000 onwards
2021-05-01,235.056357876466,TPU 2000 onwards
2021-06-01,146.556149334336,TPU 2000 onwards
2021-07-01,120.193354216639,TPU 2000 onwards
2021-08-01,315.5212,TPU 2000 onwards
2021-09-01,236.324312700026,TPU 2000 onwards
2021-10-01,249.413314308698,TPU 2000 onwards
2021-11-01,520.640198349835,TPU 2000 onwards
2021-12-01,318.90369755737,TPU 2000 onwards
2022-01-01,415.045,TPU 2000 onwards
2022-02-01,184.298128466171,TPU 2000 onwards
2022-03-01,333.617778911458,TPU 2000 onwards
2022-04-01,241.718370936763,TPU 2000 onwards
2022-05-01,286.764888708868,TPU 2000 onwards
2022-06-01,251.3389,TPU 2000 onwards
2022-07-01,131.232582483753,TPU 2000 onwards
2022-08-01,96.6339235587654,TPU 2000 onwards
2022-09-01,255.616215963594,TPU 2000 onwards
2022-10-01,125.066674644907,TPU 2000 onwards
2022-11-01,504.942560268471,TPU 2000 onwards
2022-12-01,235.113449963813,TPU 2000 onwards
2023-01-01,113.607047299042,TPU 2000 onwards
2023-02-01,293.370160739795,TPU 2000 onwards
2023-03-01,319.616290046738,TPU 2000 onwards
2023-04-01,207.812522576232,TPU 2000 onwards
2023-05-01,120.911432121281,TPU 2000 onwards
2023-06-01,244.256087246523,TPU 2000 onwards
2023-07-01,173.958764643842,TPU 2000 onwards
2023-08-01,269.175636894382,TPU 2000 onwards
2023-09-01,99.2202832304126,TPU 2000 onwards
2023-10-01,219.90034883576,TPU 2000 onwards
2023-11-01,350.382442001969,TPU 2000 onwards
2023-12-01,240.850654334453,TPU 2000 onwards
2024-01-01,249.564017361718,TPU 2000 onwards
2024-02-01,100.024597653399,TPU 2000 onwards
2024-03-01,281.981141329099,TPU 2000 onwards
2024-04-01,105.036771122407,TPU 2000 onwards
2024-05-01,220.986055547571,TPU 2000 onwards
2024-06-01,104.167570021531,TPU 2000 onwards
2024-07-01,202.913537430979,TPU 2000 onwards
2024-08-01,140.037651388573,TPU 2000 onwards
2024-09-01,156.326000308643,TPU 2000 onwards
2024-10-01,102.011087338685,TPU 2000 onwards
2024-11-01,264.5292569,TPU 2000 onwards
2024-12-01,489.806229539936,TPU 2000 onwards
2025-01-01,281.9,TPU 2000 onwards
2025-02-01,343.007753186791,TPU 2000 onwards
2025-03-01,708.122523206397,TPU 2000 onwards
2025-04-01,1197.68156427917,TPU 2000 onwards
2025-05-01,734.218426895229,TPU 2000 onwards
2025-06-01,557.641215630624,TPU 2000 onwards
2025-07-01,390.690129718238,TPU 2000 onwards
2025-08-01,507.535870657109,TPU 2000 onwards
2025-09-01,400.576249393242,TPU 2000 onwards
2025-10-01,685.656946660522,TPU 2000 onwards
2025-11-01,756.666737540229,TPU 2000 onwards
2025-12-01,515.549604590217,TPU 2000 onwards
2026-01-01,372.00163500071,TPU 2000 onwards
2026-02-01,323.893608668365,TPU 2000 onwards
2026-03-01,515.576753358667,TPU 2000 onwards
2026-04-01,223.058584555143,TPU 2000 onwards
2026-05-01,104.51372005667,TPU 2000 onwards
2026-06-01,149.146994653817,TPU 2000 onwards
2026-07-01,244.591058177768,TPU 2000 onwards
2026-08-01,182.258150716629,TPU 2000 onwards
