file,table_object,row,column,display_token,cell_text
MANUSCRIPT_EN_v8.docx,0,1,0,2020,2020
MANUSCRIPT_EN_v8.docx,0,1,1,139,139
MANUSCRIPT_EN_v8.docx,0,1,2,46,46
MANUSCRIPT_EN_v8.docx,0,1,3,24,24
MANUSCRIPT_EN_v8.docx,0,1,4,209,209
MANUSCRIPT_EN_v8.docx,0,2,0,2021,2021
MANUSCRIPT_EN_v8.docx,0,2,1,132,132
MANUSCRIPT_EN_v8.docx,0,2,2,45,45
MANUSCRIPT_EN_v8.docx,0,2,3,46,46
MANUSCRIPT_EN_v8.docx,0,2,4,223,223
MANUSCRIPT_EN_v8.docx,0,3,0,2022,2022
MANUSCRIPT_EN_v8.docx,0,3,1,142,142
MANUSCRIPT_EN_v8.docx,0,3,2,46,46
MANUSCRIPT_EN_v8.docx,0,3,3,23,23
MANUSCRIPT_EN_v8.docx,0,3,4,211,211
MANUSCRIPT_EN_v8.docx,0,4,0,2023,2023
MANUSCRIPT_EN_v8.docx,0,4,1,143,143
MANUSCRIPT_EN_v8.docx,0,4,2,47,47
MANUSCRIPT_EN_v8.docx,0,4,3,24,24
MANUSCRIPT_EN_v8.docx,0,4,4,214,214
MANUSCRIPT_EN_v8.docx,0,5,0,2024,2024
MANUSCRIPT_EN_v8.docx,0,5,1,142,142
MANUSCRIPT_EN_v8.docx,0,5,2,46,46
MANUSCRIPT_EN_v8.docx,0,5,3,24,24
MANUSCRIPT_EN_v8.docx,0,5,4,212,212
MANUSCRIPT_EN_v8.docx,0,6,0,2025,2025
MANUSCRIPT_EN_v8.docx,0,6,1,142,142
MANUSCRIPT_EN_v8.docx,0,6,2,45,45
MANUSCRIPT_EN_v8.docx,0,6,3,25,25
MANUSCRIPT_EN_v8.docx,0,6,4,212,212
MANUSCRIPT_EN_v8.docx,0,7,1,840,840
MANUSCRIPT_EN_v8.docx,0,7,2,275,275
MANUSCRIPT_EN_v8.docx,0,7,3,166,166
MANUSCRIPT_EN_v8.docx,0,7,4,1281,1281
MANUSCRIPT_EN_v8.docx,1,1,1,1.404,1.404
MANUSCRIPT_EN_v8.docx,1,1,2,1.202,1.202
MANUSCRIPT_EN_v8.docx,1,1,3,1.387,1.387
MANUSCRIPT_EN_v8.docx,1,1,4,1.579,1.579
MANUSCRIPT_EN_v8.docx,1,1,5,0.847,0.847
MANUSCRIPT_EN_v8.docx,1,1,6,2.622,2.622
MANUSCRIPT_EN_v8.docx,1,2,1,1.422,1.422
MANUSCRIPT_EN_v8.docx,1,2,2,1.215,1.215
MANUSCRIPT_EN_v8.docx,1,2,3,1.399,1.399
MANUSCRIPT_EN_v8.docx,1,2,4,1.598,1.598
MANUSCRIPT_EN_v8.docx,1,2,5,0.443,0.443
MANUSCRIPT_EN_v8.docx,1,2,6,2.707,2.707
MANUSCRIPT_EN_v8.docx,1,3,1,1.825,1.825
MANUSCRIPT_EN_v8.docx,1,3,2,1.540,1.540
MANUSCRIPT_EN_v8.docx,1,3,3,1.740,1.740
MANUSCRIPT_EN_v8.docx,1,3,4,2.030,2.030
MANUSCRIPT_EN_v8.docx,1,3,5,1.010,1.010
MANUSCRIPT_EN_v8.docx,1,3,6,3.780,3.780
MANUSCRIPT_EN_v8.docx,1,4,1,2.675,2.675
MANUSCRIPT_EN_v8.docx,1,4,2,2.296,2.296
MANUSCRIPT_EN_v8.docx,1,4,3,2.651,2.651
MANUSCRIPT_EN_v8.docx,1,4,4,3.245,3.245
MANUSCRIPT_EN_v8.docx,1,4,5,0.970,0.970
MANUSCRIPT_EN_v8.docx,1,4,6,6.399,6.399
MANUSCRIPT_EN_v8.docx,1,5,1,4.717,4.717
MANUSCRIPT_EN_v8.docx,1,5,2,3.986,3.986
MANUSCRIPT_EN_v8.docx,1,5,3,4.736,4.736
MANUSCRIPT_EN_v8.docx,1,5,4,5.321,5.321
MANUSCRIPT_EN_v8.docx,1,5,5,1.937,1.937
MANUSCRIPT_EN_v8.docx,1,5,6,12.899,12.899
MANUSCRIPT_EN_v8.docx,1,6,1,22.663,22.663
MANUSCRIPT_EN_v8.docx,1,6,2,20,20
MANUSCRIPT_EN_v8.docx,1,6,3,23,23
MANUSCRIPT_EN_v8.docx,1,6,4,25,25
MANUSCRIPT_EN_v8.docx,1,6,5,12,12
MANUSCRIPT_EN_v8.docx,1,6,6,31,31
MANUSCRIPT_EN_v8.docx,1,7,1,16.878,16.878
MANUSCRIPT_EN_v8.docx,1,7,2,14,14
MANUSCRIPT_EN_v8.docx,1,7,3,17,17
MANUSCRIPT_EN_v8.docx,1,7,4,20,20
MANUSCRIPT_EN_v8.docx,1,7,5,3,3
MANUSCRIPT_EN_v8.docx,1,7,6,27,27
MANUSCRIPT_EN_v8.docx,2,0,2,95%,95% interval for β
MANUSCRIPT_EN_v8.docx,2,0,4,95%,95% interval for θ
MANUSCRIPT_EN_v8.docx,2,1,1,0.8802,0.8802
MANUSCRIPT_EN_v8.docx,2,1,2,0.7506,"[0.7506, 1.0384]"
MANUSCRIPT_EN_v8.docx,2,1,2,1.0384,"[0.7506, 1.0384]"
MANUSCRIPT_EN_v8.docx,2,1,3,0.6496,0.6496
MANUSCRIPT_EN_v8.docx,2,1,4,0.5714,"[0.5714, 0.7422]"
MANUSCRIPT_EN_v8.docx,2,1,4,0.7422,"[0.5714, 0.7422]"
MANUSCRIPT_EN_v8.docx,2,2,1,0.8797,0.8797
MANUSCRIPT_EN_v8.docx,2,2,2,0.7627,"[0.7627, 1.0143]"
MANUSCRIPT_EN_v8.docx,2,2,2,1.0143,"[0.7627, 1.0143]"
MANUSCRIPT_EN_v8.docx,2,2,3,0.6486,0.6486
MANUSCRIPT_EN_v8.docx,2,2,4,0.5660,"[0.5660, 0.7402]"
MANUSCRIPT_EN_v8.docx,2,2,4,0.7402,"[0.5660, 0.7402]"
MANUSCRIPT_EN_v8.docx,3,0,4,95%,θ [95% interval]
MANUSCRIPT_EN_v8.docx,3,1,1,2020,2020–2022
MANUSCRIPT_EN_v8.docx,3,1,1,2022,2020–2022
MANUSCRIPT_EN_v8.docx,3,1,2,643,643
MANUSCRIPT_EN_v8.docx,3,1,3,0.6728,0.6728
MANUSCRIPT_EN_v8.docx,3,1,4,0.5501,"0.5501 [0.4570, 0.6486]"
MANUSCRIPT_EN_v8.docx,3,1,4,0.4570,"0.5501 [0.4570, 0.6486]"
MANUSCRIPT_EN_v8.docx,3,1,4,0.6486,"0.5501 [0.4570, 0.6486]"
MANUSCRIPT_EN_v8.docx,3,2,1,2023,2023–2025
MANUSCRIPT_EN_v8.docx,3,2,1,2025,2023–2025
MANUSCRIPT_EN_v8.docx,3,2,2,638,638
MANUSCRIPT_EN_v8.docx,3,2,3,1.1825,1.1825
MANUSCRIPT_EN_v8.docx,3,2,4,0.7798,"0.7798 [0.6757, 0.8892]"
MANUSCRIPT_EN_v8.docx,3,2,4,0.6757,"0.7798 [0.6757, 0.8892]"
MANUSCRIPT_EN_v8.docx,3,2,4,0.8892,"0.7798 [0.6757, 0.8892]"
MANUSCRIPT_EN_v8.docx,3,3,1,2020,2020–2022
MANUSCRIPT_EN_v8.docx,3,3,1,2022,2020–2022
MANUSCRIPT_EN_v8.docx,3,3,2,643,643
MANUSCRIPT_EN_v8.docx,3,3,3,0.6880,0.6880
MANUSCRIPT_EN_v8.docx,3,3,4,0.5414,"0.5414 [0.4394, 0.6493]"
MANUSCRIPT_EN_v8.docx,3,3,4,0.4394,"0.5414 [0.4394, 0.6493]"
MANUSCRIPT_EN_v8.docx,3,3,4,0.6493,"0.5414 [0.4394, 0.6493]"
MANUSCRIPT_EN_v8.docx,3,4,1,2023,2023–2025
MANUSCRIPT_EN_v8.docx,3,4,1,2025,2023–2025
MANUSCRIPT_EN_v8.docx,3,4,2,638,638
MANUSCRIPT_EN_v8.docx,3,4,3,1.1232,1.1232
MANUSCRIPT_EN_v8.docx,3,4,4,0.7719,"0.7719 [0.6645, 0.8829]"
MANUSCRIPT_EN_v8.docx,3,4,4,0.6645,"0.7719 [0.6645, 0.8829]"
MANUSCRIPT_EN_v8.docx,3,4,4,0.8829,"0.7719 [0.6645, 0.8829]"
MANUSCRIPT_EN_v8.docx,4,0,2,97.5%,97.5% interval
MANUSCRIPT_EN_v8.docx,4,1,1,0.5097,0.5097
MANUSCRIPT_EN_v8.docx,4,1,2,0.3340,"[0.3340, 0.7222]"
MANUSCRIPT_EN_v8.docx,4,1,2,0.7222,"[0.3340, 0.7222]"
MANUSCRIPT_EN_v8.docx,4,2,1,0.4353,0.4353
MANUSCRIPT_EN_v8.docx,4,2,2,0.2605,"[0.2605, 0.6344]"
MANUSCRIPT_EN_v8.docx,4,2,2,0.6344,"[0.2605, 0.6344]"
MANUSCRIPT_EN_v8.docx,5,0,2,95%,Exploratory 95% interval
MANUSCRIPT_EN_v8.docx,5,1,1,0.2297,0.2297
MANUSCRIPT_EN_v8.docx,5,1,2,0.0875,"[0.0875, 0.3681]"
MANUSCRIPT_EN_v8.docx,5,1,2,0.3681,"[0.0875, 0.3681]"
MANUSCRIPT_EN_v8.docx,5,2,1,0.2305,0.2305
MANUSCRIPT_EN_v8.docx,5,2,2,0.0808,"[0.0808, 0.3748]"
MANUSCRIPT_EN_v8.docx,5,2,2,0.3748,"[0.0808, 0.3748]"
MANUSCRIPT_EN_v8.docx,6,0,4,97.5%,97.5% interval
MANUSCRIPT_EN_v8.docx,6,1,1,0.5703,0.5703
MANUSCRIPT_EN_v8.docx,6,1,2,0.7675,0.7675
MANUSCRIPT_EN_v8.docx,6,1,3,0.1971,0.1971
MANUSCRIPT_EN_v8.docx,6,1,4,0.0947,"[0.0947, 0.3029]"
MANUSCRIPT_EN_v8.docx,6,1,4,0.3029,"[0.0947, 0.3029]"
MANUSCRIPT_EN_v8.docx,6,2,1,0.5649,0.5649
MANUSCRIPT_EN_v8.docx,6,2,2,0.7586,0.7586
MANUSCRIPT_EN_v8.docx,6,2,3,0.1937,0.1937
MANUSCRIPT_EN_v8.docx,6,2,4,0.0847,"[0.0847, 0.3051]"
MANUSCRIPT_EN_v8.docx,6,2,4,0.3051,"[0.0847, 0.3051]"
MANUSCRIPT_EN_v8.docx,7,1,1,0.2810,0.2810
MANUSCRIPT_EN_v8.docx,7,1,2,0.2908,0.2908
MANUSCRIPT_EN_v8.docx,7,2,1,0.1080,0.1080
MANUSCRIPT_EN_v8.docx,7,2,2,0.0364,0.0364
MANUSCRIPT_EN_v8.docx,7,3,1,0.0454,0.0454
MANUSCRIPT_EN_v8.docx,7,3,2,0.0201,0.0201
MANUSCRIPT_EN_v8.docx,7,4,1,0.1142,0.1142
MANUSCRIPT_EN_v8.docx,7,4,2,0.0579,0.0579
ONLINE_RESOURCE_1_v8.docx,1,0,3,95%,β: 95% interval
ONLINE_RESOURCE_1_v8.docx,1,0,4,95%,θ: 95% interval
ONLINE_RESOURCE_1_v8.docx,1,1,1,1,1
ONLINE_RESOURCE_1_v8.docx,1,1,2,199,199
ONLINE_RESOURCE_1_v8.docx,1,1,3,0.7807,"[0.7807, 0.9833]"
ONLINE_RESOURCE_1_v8.docx,1,1,3,0.9833,"[0.7807, 0.9833]"
ONLINE_RESOURCE_1_v8.docx,1,1,4,0.5903,"[0.5903, 0.7158]"
ONLINE_RESOURCE_1_v8.docx,1,1,4,0.7158,"[0.5903, 0.7158]"
ONLINE_RESOURCE_1_v8.docx,1,2,1,3,3
ONLINE_RESOURCE_1_v8.docx,1,2,2,999,999
ONLINE_RESOURCE_1_v8.docx,1,2,3,0.7506,"[0.7506, 1.0384]"
ONLINE_RESOURCE_1_v8.docx,1,2,3,1.0384,"[0.7506, 1.0384]"
ONLINE_RESOURCE_1_v8.docx,1,2,4,0.5714,"[0.5714, 0.7422]"
ONLINE_RESOURCE_1_v8.docx,1,2,4,0.7422,"[0.5714, 0.7422]"
ONLINE_RESOURCE_1_v8.docx,1,3,1,6,6
ONLINE_RESOURCE_1_v8.docx,1,3,2,199,199
ONLINE_RESOURCE_1_v8.docx,1,3,3,0.7350,"[0.7350, 1.0292]"
ONLINE_RESOURCE_1_v8.docx,1,3,3,1.0292,"[0.7350, 1.0292]"
ONLINE_RESOURCE_1_v8.docx,1,3,4,0.5564,"[0.5564, 0.7438]"
ONLINE_RESOURCE_1_v8.docx,1,3,4,0.7438,"[0.5564, 0.7438]"
ONLINE_RESOURCE_1_v8.docx,1,4,1,1,1
ONLINE_RESOURCE_1_v8.docx,1,4,2,199,199
ONLINE_RESOURCE_1_v8.docx,1,4,3,0.7907,"[0.7907, 0.9714]"
ONLINE_RESOURCE_1_v8.docx,1,4,3,0.9714,"[0.7907, 0.9714]"
ONLINE_RESOURCE_1_v8.docx,1,4,4,0.5855,"[0.5855, 0.7134]"
ONLINE_RESOURCE_1_v8.docx,1,4,4,0.7134,"[0.5855, 0.7134]"
ONLINE_RESOURCE_1_v8.docx,1,5,1,3,3
ONLINE_RESOURCE_1_v8.docx,1,5,2,999,999
ONLINE_RESOURCE_1_v8.docx,1,5,3,0.7627,"[0.7627, 1.0143]"
ONLINE_RESOURCE_1_v8.docx,1,5,3,1.0143,"[0.7627, 1.0143]"
ONLINE_RESOURCE_1_v8.docx,1,5,4,0.5660,"[0.5660, 0.7402]"
ONLINE_RESOURCE_1_v8.docx,1,5,4,0.7402,"[0.5660, 0.7402]"
ONLINE_RESOURCE_1_v8.docx,1,6,1,6,6
ONLINE_RESOURCE_1_v8.docx,1,6,2,199,199
ONLINE_RESOURCE_1_v8.docx,1,6,3,0.7503,"[0.7503, 1.0090]"
ONLINE_RESOURCE_1_v8.docx,1,6,3,1.0090,"[0.7503, 1.0090]"
ONLINE_RESOURCE_1_v8.docx,1,6,4,0.5526,"[0.5526, 0.7493]"
ONLINE_RESOURCE_1_v8.docx,1,6,4,0.7493,"[0.5526, 0.7493]"
ONLINE_RESOURCE_1_v8.docx,2,1,1,0.6419,"[0.6419, 0.6656]"
ONLINE_RESOURCE_1_v8.docx,2,1,1,0.6656,"[0.6419, 0.6656]"
ONLINE_RESOURCE_1_v8.docx,2,1,2,0.6405,"[0.6405, 0.6674]"
ONLINE_RESOURCE_1_v8.docx,2,1,2,0.6674,"[0.6405, 0.6674]"
ONLINE_RESOURCE_1_v8.docx,2,2,1,0.6058,"[0.6058, 0.6981]"
ONLINE_RESOURCE_1_v8.docx,2,2,1,0.6981,"[0.6058, 0.6981]"
ONLINE_RESOURCE_1_v8.docx,2,2,2,0.6023,"[0.6023, 0.6996]"
ONLINE_RESOURCE_1_v8.docx,2,2,2,0.6996,"[0.6023, 0.6996]"
ONLINE_RESOURCE_1_v8.docx,2,3,1,0.6019,"[0.6019, 0.7120]"
ONLINE_RESOURCE_1_v8.docx,2,3,1,0.7120,"[0.6019, 0.7120]"
ONLINE_RESOURCE_1_v8.docx,2,3,2,0.6110,"[0.6110, 0.7081]"
ONLINE_RESOURCE_1_v8.docx,2,3,2,0.7081,"[0.6110, 0.7081]"
ONLINE_RESOURCE_1_v8.docx,2,4,1,0.6467,"[0.6467, 0.6569]"
ONLINE_RESOURCE_1_v8.docx,2,4,1,0.6569,"[0.6467, 0.6569]"
ONLINE_RESOURCE_1_v8.docx,2,4,2,0.6457,"[0.6457, 0.6577]"
ONLINE_RESOURCE_1_v8.docx,2,4,2,0.6577,"[0.6457, 0.6577]"
ONLINE_RESOURCE_1_v8.docx,2,5,0,13,Top 13 Cook-distance rows
ONLINE_RESOURCE_1_v8.docx,2,5,1,0.6911,0.6911
ONLINE_RESOURCE_1_v8.docx,2,5,2,0.6930,0.6930
ONLINE_RESOURCE_1_v8.docx,3,0,4,95%,θ [95% interval]
ONLINE_RESOURCE_1_v8.docx,3,1,2,840,840
ONLINE_RESOURCE_1_v8.docx,3,1,3,764,764
ONLINE_RESOURCE_1_v8.docx,3,1,4,0.6898,"0.6898 [0.6283, 0.7585]"
ONLINE_RESOURCE_1_v8.docx,3,1,4,0.6283,"0.6898 [0.6283, 0.7585]"
ONLINE_RESOURCE_1_v8.docx,3,1,4,0.7585,"0.6898 [0.6283, 0.7585]"
ONLINE_RESOURCE_1_v8.docx,3,2,2,275,275
ONLINE_RESOURCE_1_v8.docx,3,2,3,198,198
ONLINE_RESOURCE_1_v8.docx,3,2,4,0.5619,"0.5619 [0.4567, 0.6808]"
ONLINE_RESOURCE_1_v8.docx,3,2,4,0.4567,"0.5619 [0.4567, 0.6808]"
ONLINE_RESOURCE_1_v8.docx,3,2,4,0.6808,"0.5619 [0.4567, 0.6808]"
ONLINE_RESOURCE_1_v8.docx,3,3,2,166,166
ONLINE_RESOURCE_1_v8.docx,3,3,3,90,90
ONLINE_RESOURCE_1_v8.docx,3,3,4,0.8076,"0.8076 [0.6943, 0.8828]"
ONLINE_RESOURCE_1_v8.docx,3,3,4,0.6943,"0.8076 [0.6943, 0.8828]"
ONLINE_RESOURCE_1_v8.docx,3,3,4,0.8828,"0.8076 [0.6943, 0.8828]"
ONLINE_RESOURCE_1_v8.docx,3,4,2,840,840
ONLINE_RESOURCE_1_v8.docx,3,4,3,764,764
ONLINE_RESOURCE_1_v8.docx,3,4,4,0.6839,"0.6839 [0.6159, 0.7587]"
ONLINE_RESOURCE_1_v8.docx,3,4,4,0.6159,"0.6839 [0.6159, 0.7587]"
ONLINE_RESOURCE_1_v8.docx,3,4,4,0.7587,"0.6839 [0.6159, 0.7587]"
ONLINE_RESOURCE_1_v8.docx,3,5,2,275,275
ONLINE_RESOURCE_1_v8.docx,3,5,3,198,198
ONLINE_RESOURCE_1_v8.docx,3,5,4,0.5689,"0.5689 [0.4679, 0.6870]"
ONLINE_RESOURCE_1_v8.docx,3,5,4,0.4679,"0.5689 [0.4679, 0.6870]"
ONLINE_RESOURCE_1_v8.docx,3,5,4,0.6870,"0.5689 [0.4679, 0.6870]"
ONLINE_RESOURCE_1_v8.docx,3,6,2,166,166
ONLINE_RESOURCE_1_v8.docx,3,6,3,90,90
ONLINE_RESOURCE_1_v8.docx,3,6,4,0.8138,"0.8138 [0.7005, 0.8850]"
ONLINE_RESOURCE_1_v8.docx,3,6,4,0.7005,"0.8138 [0.7005, 0.8850]"
ONLINE_RESOURCE_1_v8.docx,3,6,4,0.8850,"0.8138 [0.7005, 0.8850]"
ONLINE_RESOURCE_1_v8.docx,4,1,1,1.532,1.532
ONLINE_RESOURCE_1_v8.docx,4,1,2,1.345,1.345
ONLINE_RESOURCE_1_v8.docx,4,1,3,1.520,1.520
ONLINE_RESOURCE_1_v8.docx,4,1,4,1.712,1.712
ONLINE_RESOURCE_1_v8.docx,4,1,5,0.874,0.874
ONLINE_RESOURCE_1_v8.docx,4,1,6,2.622,2.622
ONLINE_RESOURCE_1_v8.docx,4,2,1,1.459,1.459
ONLINE_RESOURCE_1_v8.docx,4,2,2,1.247,1.247
ONLINE_RESOURCE_1_v8.docx,4,2,3,1.443,1.443
ONLINE_RESOURCE_1_v8.docx,4,2,4,1.629,1.629
ONLINE_RESOURCE_1_v8.docx,4,2,5,0.443,0.443
ONLINE_RESOURCE_1_v8.docx,4,2,6,2.707,2.707
ONLINE_RESOURCE_1_v8.docx,4,3,1,1.864,1.864
ONLINE_RESOURCE_1_v8.docx,4,3,2,1.530,1.530
ONLINE_RESOURCE_1_v8.docx,4,3,3,1.790,1.790
ONLINE_RESOURCE_1_v8.docx,4,3,4,2.100,2.100
ONLINE_RESOURCE_1_v8.docx,4,3,5,1.010,1.010
ONLINE_RESOURCE_1_v8.docx,4,3,6,3.770,3.770
ONLINE_RESOURCE_1_v8.docx,4,4,1,2.692,2.692
ONLINE_RESOURCE_1_v8.docx,4,4,2,2.363,2.363
ONLINE_RESOURCE_1_v8.docx,4,4,3,2.515,2.515
ONLINE_RESOURCE_1_v8.docx,4,4,4,3.082,3.082
ONLINE_RESOURCE_1_v8.docx,4,4,5,0.972,0.972
ONLINE_RESOURCE_1_v8.docx,4,4,6,6.399,6.399
ONLINE_RESOURCE_1_v8.docx,4,5,1,4.844,4.844
ONLINE_RESOURCE_1_v8.docx,4,5,2,3.887,3.887
ONLINE_RESOURCE_1_v8.docx,4,5,3,4.761,4.761
ONLINE_RESOURCE_1_v8.docx,4,5,4,5.588,5.588
ONLINE_RESOURCE_1_v8.docx,4,5,5,1.937,1.937
ONLINE_RESOURCE_1_v8.docx,4,5,6,12.899,12.899
ONLINE_RESOURCE_1_v8.docx,4,6,1,22.379,22.379
ONLINE_RESOURCE_1_v8.docx,4,6,2,20,20
ONLINE_RESOURCE_1_v8.docx,4,6,3,22,22
ONLINE_RESOURCE_1_v8.docx,4,6,4,25,25
ONLINE_RESOURCE_1_v8.docx,4,6,5,12,12
ONLINE_RESOURCE_1_v8.docx,4,6,6,31,31
ONLINE_RESOURCE_1_v8.docx,4,7,1,16.687,16.687
ONLINE_RESOURCE_1_v8.docx,4,7,2,14,14
ONLINE_RESOURCE_1_v8.docx,4,7,3,17,17
ONLINE_RESOURCE_1_v8.docx,4,7,4,20,20
ONLINE_RESOURCE_1_v8.docx,4,7,5,3,3
ONLINE_RESOURCE_1_v8.docx,4,7,6,27,27
ONLINE_RESOURCE_1_v8.docx,5,1,1,1.275,1.275
ONLINE_RESOURCE_1_v8.docx,5,1,2,1.108,1.108
ONLINE_RESOURCE_1_v8.docx,5,1,3,1.255,1.255
ONLINE_RESOURCE_1_v8.docx,5,1,4,1.429,1.429
ONLINE_RESOURCE_1_v8.docx,5,1,5,0.847,0.847
ONLINE_RESOURCE_1_v8.docx,5,1,6,1.896,1.896
ONLINE_RESOURCE_1_v8.docx,5,2,1,1.384,1.384
ONLINE_RESOURCE_1_v8.docx,5,2,2,1.184,1.184
ONLINE_RESOURCE_1_v8.docx,5,2,3,1.356,1.356
ONLINE_RESOURCE_1_v8.docx,5,2,4,1.557,1.557
ONLINE_RESOURCE_1_v8.docx,5,2,5,0.665,0.665
ONLINE_RESOURCE_1_v8.docx,5,2,6,2.295,2.295
ONLINE_RESOURCE_1_v8.docx,5,3,1,1.785,1.785
ONLINE_RESOURCE_1_v8.docx,5,3,2,1.550,1.550
ONLINE_RESOURCE_1_v8.docx,5,3,3,1.710,1.710
ONLINE_RESOURCE_1_v8.docx,5,3,4,1.980,1.980
ONLINE_RESOURCE_1_v8.docx,5,3,5,1.080,1.080
ONLINE_RESOURCE_1_v8.docx,5,3,6,3.780,3.780
ONLINE_RESOURCE_1_v8.docx,5,4,1,2.659,2.659
ONLINE_RESOURCE_1_v8.docx,5,4,2,2.147,2.147
ONLINE_RESOURCE_1_v8.docx,5,4,3,3.035,3.035
ONLINE_RESOURCE_1_v8.docx,5,4,4,3.245,3.245
ONLINE_RESOURCE_1_v8.docx,5,4,5,0.970,0.970
ONLINE_RESOURCE_1_v8.docx,5,4,6,3.350,3.350
ONLINE_RESOURCE_1_v8.docx,5,5,1,4.588,4.588
ONLINE_RESOURCE_1_v8.docx,5,5,2,4.076,4.076
ONLINE_RESOURCE_1_v8.docx,5,5,3,4.712,4.712
ONLINE_RESOURCE_1_v8.docx,5,5,4,5.156,5.156
ONLINE_RESOURCE_1_v8.docx,5,5,5,1.946,1.946
ONLINE_RESOURCE_1_v8.docx,5,5,6,6.731,6.731
ONLINE_RESOURCE_1_v8.docx,5,6,1,22.948,22.948
ONLINE_RESOURCE_1_v8.docx,5,6,2,21,21
ONLINE_RESOURCE_1_v8.docx,5,6,3,23,23
ONLINE_RESOURCE_1_v8.docx,5,6,4,25,25
ONLINE_RESOURCE_1_v8.docx,5,6,5,15,15
ONLINE_RESOURCE_1_v8.docx,5,6,6,30,30
ONLINE_RESOURCE_1_v8.docx,5,7,1,17.071,17.071
ONLINE_RESOURCE_1_v8.docx,5,7,2,15,15
ONLINE_RESOURCE_1_v8.docx,5,7,3,17,17
ONLINE_RESOURCE_1_v8.docx,5,7,4,20,20
ONLINE_RESOURCE_1_v8.docx,5,7,5,5,5
ONLINE_RESOURCE_1_v8.docx,5,7,6,27,27
ONLINE_RESOURCE_1_v8.docx,6,0,1,95%,A: θ [95% interval]
ONLINE_RESOURCE_1_v8.docx,6,0,2,95%,C: θ [95% interval]
ONLINE_RESOURCE_1_v8.docx,6,1,1,0.6243,"0.6243 [0.5596, 0.7067]"
ONLINE_RESOURCE_1_v8.docx,6,1,1,0.5596,"0.6243 [0.5596, 0.7067]"
ONLINE_RESOURCE_1_v8.docx,6,1,1,0.7067,"0.6243 [0.5596, 0.7067]"
ONLINE_RESOURCE_1_v8.docx,6,1,2,0.6197,"0.6197 [0.5494, 0.7017]"
ONLINE_RESOURCE_1_v8.docx,6,1,2,0.5494,"0.6197 [0.5494, 0.7017]"
ONLINE_RESOURCE_1_v8.docx,6,1,2,0.7017,"0.6197 [0.5494, 0.7017]"
ONLINE_RESOURCE_1_v8.docx,6,2,1,0.6289,"0.6289 [0.5626, 0.7094]"
ONLINE_RESOURCE_1_v8.docx,6,2,1,0.5626,"0.6289 [0.5626, 0.7094]"
ONLINE_RESOURCE_1_v8.docx,6,2,1,0.7094,"0.6289 [0.5626, 0.7094]"
ONLINE_RESOURCE_1_v8.docx,6,2,2,0.6239,"0.6239 [0.5521, 0.7044]"
ONLINE_RESOURCE_1_v8.docx,6,2,2,0.5521,"0.6239 [0.5521, 0.7044]"
ONLINE_RESOURCE_1_v8.docx,6,2,2,0.7044,"0.6239 [0.5521, 0.7044]"
ONLINE_RESOURCE_1_v8.docx,6,3,1,0.6496,"0.6496 [0.5714, 0.7422]"
ONLINE_RESOURCE_1_v8.docx,6,3,1,0.5714,"0.6496 [0.5714, 0.7422]"
ONLINE_RESOURCE_1_v8.docx,6,3,1,0.7422,"0.6496 [0.5714, 0.7422]"
ONLINE_RESOURCE_1_v8.docx,6,3,2,0.6486,"0.6486 [0.5660, 0.7402]"
ONLINE_RESOURCE_1_v8.docx,6,3,2,0.5660,"0.6486 [0.5660, 0.7402]"
ONLINE_RESOURCE_1_v8.docx,6,3,2,0.7402,"0.6486 [0.5660, 0.7402]"
ONLINE_RESOURCE_1_v8.docx,7,0,3,95%,95% interval
ONLINE_RESOURCE_1_v8.docx,7,0,4,97.5%,97.5% interval
ONLINE_RESOURCE_1_v8.docx,7,1,2,0.1971,0.1971
ONLINE_RESOURCE_1_v8.docx,7,1,3,0.1084,"[0.1084, 0.2910]"
ONLINE_RESOURCE_1_v8.docx,7,1,3,0.2910,"[0.1084, 0.2910]"
ONLINE_RESOURCE_1_v8.docx,7,1,4,0.0947,"[0.0947, 0.3029]"
ONLINE_RESOURCE_1_v8.docx,7,1,4,0.3029,"[0.0947, 0.3029]"
ONLINE_RESOURCE_1_v8.docx,7,2,2,-0.0326,-0.0326
ONLINE_RESOURCE_1_v8.docx,7,2,3,-0.1349,"[-0.1349, 0.0802]"
ONLINE_RESOURCE_1_v8.docx,7,2,3,0.0802,"[-0.1349, 0.0802]"
ONLINE_RESOURCE_1_v8.docx,7,2,4,-0.1520,"[-0.1520, 0.0915]"
ONLINE_RESOURCE_1_v8.docx,7,2,4,0.0915,"[-0.1520, 0.0915]"
ONLINE_RESOURCE_1_v8.docx,7,3,2,0.1937,0.1937
ONLINE_RESOURCE_1_v8.docx,7,3,3,0.0982,"[0.0982, 0.2843]"
ONLINE_RESOURCE_1_v8.docx,7,3,3,0.2843,"[0.0982, 0.2843]"
ONLINE_RESOURCE_1_v8.docx,7,3,4,0.0847,"[0.0847, 0.3051]"
ONLINE_RESOURCE_1_v8.docx,7,3,4,0.3051,"[0.0847, 0.3051]"
ONLINE_RESOURCE_1_v8.docx,7,4,2,-0.0368,-0.0368
ONLINE_RESOURCE_1_v8.docx,7,4,3,-0.1449,"[-0.1449, 0.0797]"
ONLINE_RESOURCE_1_v8.docx,7,4,3,0.0797,"[-0.1449, 0.0797]"
ONLINE_RESOURCE_1_v8.docx,7,4,4,-0.1668,"[-0.1668, 0.0942]"
ONLINE_RESOURCE_1_v8.docx,7,4,4,0.0942,"[-0.1668, 0.0942]"
ONLINE_RESOURCE_1_v8.docx,8,0,2,97.5%,A: 97.5% interval
ONLINE_RESOURCE_1_v8.docx,8,0,3,97.5%,C: 97.5% interval
ONLINE_RESOURCE_1_v8.docx,8,1,0,1,1
ONLINE_RESOURCE_1_v8.docx,8,1,1,199,199
ONLINE_RESOURCE_1_v8.docx,8,1,2,0.0991,"[0.0991, 0.3018]"
ONLINE_RESOURCE_1_v8.docx,8,1,2,0.3018,"[0.0991, 0.3018]"
ONLINE_RESOURCE_1_v8.docx,8,1,3,0.0916,"[0.0916, 0.3033]"
ONLINE_RESOURCE_1_v8.docx,8,1,3,0.3033,"[0.0916, 0.3033]"
ONLINE_RESOURCE_1_v8.docx,8,2,0,3,3
ONLINE_RESOURCE_1_v8.docx,8,2,1,999,999
ONLINE_RESOURCE_1_v8.docx,8,2,2,0.0947,"[0.0947, 0.3029]"
ONLINE_RESOURCE_1_v8.docx,8,2,2,0.3029,"[0.0947, 0.3029]"
ONLINE_RESOURCE_1_v8.docx,8,2,3,0.0847,"[0.0847, 0.3051]"
ONLINE_RESOURCE_1_v8.docx,8,2,3,0.3051,"[0.0847, 0.3051]"
ONLINE_RESOURCE_1_v8.docx,8,3,0,6,6
ONLINE_RESOURCE_1_v8.docx,8,3,1,199,199
ONLINE_RESOURCE_1_v8.docx,8,3,2,0.1049,"[0.1049, 0.2881]"
ONLINE_RESOURCE_1_v8.docx,8,3,2,0.2881,"[0.1049, 0.2881]"
ONLINE_RESOURCE_1_v8.docx,8,3,3,0.0996,"[0.0996, 0.2780]"
ONLINE_RESOURCE_1_v8.docx,8,3,3,0.2780,"[0.0996, 0.2780]"
ONLINE_RESOURCE_1_v8.docx,9,1,1,1.3137,1.3137
ONLINE_RESOURCE_1_v8.docx,9,1,2,1.2375,1.2375
ONLINE_RESOURCE_1_v8.docx,9,2,1,0.8494,0.8494
ONLINE_RESOURCE_1_v8.docx,9,2,2,0.8350,0.8350
ONLINE_RESOURCE_1_v8.docx,9,3,0,999,Original 999-draw θ interval
ONLINE_RESOURCE_1_v8.docx,9,3,1,0.8123,"[0.8123, 0.9149]"
ONLINE_RESOURCE_1_v8.docx,9,3,1,0.9149,"[0.8123, 0.9149]"
ONLINE_RESOURCE_1_v8.docx,9,3,2,0.7832,"[0.7832, 0.9156]"
ONLINE_RESOURCE_1_v8.docx,9,3,2,0.9156,"[0.7832, 0.9156]"
ONLINE_RESOURCE_1_v8.docx,9,4,1,0.8094,"[0.8094, 0.9149]"
ONLINE_RESOURCE_1_v8.docx,9,4,1,0.9149,"[0.8094, 0.9149]"
ONLINE_RESOURCE_1_v8.docx,9,4,2,0.7757,"[0.7757, 0.9156]"
ONLINE_RESOURCE_1_v8.docx,9,4,2,0.9156,"[0.7757, 0.9156]"
ONLINE_RESOURCE_1_v8.docx,9,5,1,0.8064,"[0.8064, 0.9048]"
ONLINE_RESOURCE_1_v8.docx,9,5,1,0.9048,"[0.8064, 0.9048]"
ONLINE_RESOURCE_1_v8.docx,9,5,2,0.7731,"[0.7731, 0.9055]"
ONLINE_RESOURCE_1_v8.docx,9,5,2,0.9055,"[0.7731, 0.9055]"
ONLINE_RESOURCE_1_v8.docx,9,6,1,0.8396,"[0.8396, 0.8626]"
ONLINE_RESOURCE_1_v8.docx,9,6,1,0.8626,"[0.8396, 0.8626]"
ONLINE_RESOURCE_1_v8.docx,9,6,2,0.8230,"[0.8230, 0.8569]"
ONLINE_RESOURCE_1_v8.docx,9,6,2,0.8569,"[0.8230, 0.8569]"
ONLINE_RESOURCE_1_v8.docx,10,1,2,95%,Exploratory 95% month-block intervals
ONLINE_RESOURCE_1_v8.docx,10,2,2,97.5%,97.5% slope intervals; 95% correlation intervals
ONLINE_RESOURCE_1_v8.docx,10,2,2,95%,97.5% slope intervals; 95% correlation intervals
ONLINE_RESOURCE_1_v8.docx,10,3,2,97.5%,Exploratory 97.5% intervals; 95% paired-change intervals
ONLINE_RESOURCE_1_v8.docx,10,3,2,95%,Exploratory 97.5% intervals; 95% paired-change intervals
ONLINE_RESOURCE_1_v8.docx,10,4,0,2026,Additional 2026 period
