replicate,beta
0,0.8333858933161373
1,0.8320798025639297
2,0.8425349434408521
3,0.8451489483234859
4,0.7745871462647299
5,0.8620160174378793
6,0.9160151709271501
7,0.8807367379447197
8,0.9786117768204896
9,0.8891309189281091
10,0.9194109581354281
11,0.8684666910051472
12,0.832932544214264
13,0.7921350333098962
14,0.7149598303900961
15,0.8425975708191746
16,0.8416921719891516
17,0.8396123508005321
18,0.8697857574885525
19,0.9579341763974636
20,0.9221460421350587
21,0.7025649560644822
22,0.8781014870454418
23,0.7998922985826145
24,0.9221997644629605
25,0.8814619611624016
26,0.9281157471014116
27,0.9501120140402497
28,0.8686573704473585
29,0.9150325402611069
30,0.84968081770296
31,0.7779886382570488
32,0.8608075950825256
33,0.8588624833744716
34,0.9575930124858418
35,0.8664051942112159
36,0.9643009247260564
37,0.8699603026866021
38,0.8703680731360254
39,0.8088935175625188
40,0.8074070848614141
41,0.8760983041494308
42,0.99531393080541
43,0.8645603834270584
44,0.7949668421765758
45,0.8739561697547475
46,0.8008462894882312
47,0.8624094124919178
48,0.8776035727911211
49,0.88967902313907
50,0.9034164790561733
51,0.9380625098907069
52,0.8500909021980564
53,0.9411961002762138
54,0.8531814234359876
55,0.9780413355846738
56,0.9067741058546883
57,0.8354950633827524
58,0.8342085048735655
59,0.991667971651441
60,0.9255526303809632
61,0.7938219910966874
62,0.8673146202572198
63,0.9088478651322638
64,1.0559539473338626
65,0.9143431110823073
66,0.9040596185710499
67,0.778510232592742
68,0.9231710509887259
69,0.896857825331148
70,0.8864786646093455
71,0.8085101774320312
72,0.8502057764701975
73,0.8404420691435803
74,0.8146021453244509
75,0.8249039405748522
76,0.8442008703235087
77,0.946836389330093
78,0.9062205826583839
79,0.8411016634417664
80,0.7897545283471099
81,0.8366956654823009
82,0.9527451025747198
83,0.9700266633146621
84,0.8501675090442525
85,0.8827772206252937
86,0.9794890787336457
87,0.8946883648798691
88,0.9115079519835532
89,0.8295104935951351
90,0.818492327886325
91,0.8848010425198993
92,0.8833296441703282
93,0.8395055107818322
94,0.954790398830172
95,0.8731784721240169
96,0.8615887396920281
97,0.846729316163419
98,1.0302025705553433
99,0.8703051291832966
100,0.8228305776213912
101,0.7936476819480043
102,0.946959856934654
103,0.8553968249694186
104,0.8395569160159482
105,0.839527177897824
106,0.9317415572276296
107,0.9667903913127898
108,0.8570513706030357
109,0.9239661867613518
110,0.9357259673000129
111,0.911778661751802
112,0.9223081514559545
113,0.8609116763428672
114,0.8529927423870771
115,0.8647075913814255
116,0.9890758793929143
117,0.9789433271544674
118,0.8937637188219468
119,0.8784173249982243
120,0.897952710146728
121,0.829778407185178
122,0.7837350753278334
123,0.8753202660765944
124,0.8799164434373138
125,0.9128433419672289
126,0.866118904488653
127,1.0122784526458533
128,0.7534347664505059
129,0.9224883920889138
130,0.9353476591756289
131,0.8268861260806132
132,0.9369262782097121
133,0.8478899440461132
134,0.8739813244245118
135,0.9345821906493204
136,0.9365252437648787
137,0.8244957301199196
138,0.9315435496313522
139,0.9006478808972932
140,0.9000301471932838
141,0.7941455972080343
142,0.8307943135135751
143,0.829231797328437
144,0.9371292516731446
145,0.9652509860812898
146,0.9428451240288342
147,1.0009412452650475
148,0.8942965689990202
149,0.8463313316733666
150,0.847237767915139
151,0.9699936279105319
152,0.8776848258587162
153,0.7442042817193782
154,0.7836787890788272
155,0.9066734641518152
156,0.862655133841157
157,0.8770734817817251
158,0.8803769960427237
159,0.8147558718954877
160,0.8994984496999229
161,0.9357041625252308
162,0.8353931268298217
163,0.8512110565114783
164,0.7406243782691779
165,0.8936644649848947
166,0.910812088439833
167,0.8747070412710948
168,0.9333883562216886
169,0.9411738598557294
170,0.7968153684082154
171,0.8968160467499371
172,0.9438468569863968
173,0.7610021448946407
174,0.8959220277757252
175,0.8079455553705853
176,0.9298435326769358
177,0.8717581628548889
178,0.8939991205150497
179,0.8657991863744235
180,0.8550404787677094
181,0.8580978911511961
182,0.8991995402540811
183,0.9026481240244603
184,0.7955505986430396
185,0.8732510566422584
186,0.8456217716331319
187,0.9526983290498909
188,0.8386418717753347
189,0.8107014991793878
190,0.9286332701323724
191,0.8539637374633773
192,0.8385870720310533
193,0.8051256411705178
194,0.8164940104392399
195,0.9547190026956288
196,0.8913367486982563
197,0.9312846624765672
198,0.9199020219262738
199,0.9792627122574878
200,0.9559971644760801
201,0.8589805323695139
202,0.9074059916461066
203,0.905812020615089
204,0.8861993304949206
205,0.9300765476593646
206,0.9871768569554975
207,0.8564372779794046
208,0.7759876676420469
209,0.8765811122683114
210,0.8694409060867938
211,0.8784223506755047
212,0.8949569346628693
213,0.9489647952700907
214,0.9582696559927978
215,0.8815183091003501
216,0.7972217718927488
217,0.9232427312711844
218,0.8912202530928719
219,0.9240989742824554
220,0.7972711990517923
221,0.9176110535791255
222,0.8344041381438165
223,0.9172877958715745
224,0.740981202649104
225,0.8893626512865646
226,0.9150272062286732
227,0.7362823318732711
228,0.848110529098945
229,0.8990550824306776
230,0.8271130825018107
231,0.9263526737688985
232,0.8028786980470197
233,0.925935536998515
234,0.9666702457236034
235,0.820006788164986
236,0.9449150518659509
237,0.9596978387164846
238,0.897339316530521
239,0.9529301716075843
240,0.7981601828272501
241,0.8449884085433217
242,0.9529428364002506
243,0.9593700592593455
244,1.0524332136410959
245,0.8552678564117309
246,0.8918805719037749
247,0.8774791600711014
248,0.8267603907620202
249,0.7747315639160369
250,0.8275334493726285
251,0.8348386135774656
252,0.977612699886752
253,0.8750160728077357
254,0.8718062314446908
255,0.9033726511286047
256,0.8692864098078127
257,0.8578247204537138
258,0.8805788573268851
259,0.9132337445930823
260,0.9161461034867155
261,0.9714005121772378
262,0.8162332223287344
263,0.9046146261184144
264,0.9432401636638079
265,0.7367199556582548
266,0.9181469486806852
267,0.859443349202348
268,0.944236441749491
269,0.8723836602026569
270,0.8446879408727339
271,0.9232753863261098
272,0.8352162389912647
273,0.969631037070686
274,0.8100294417844123
275,0.9234015051735606
276,0.8011856091028361
277,0.9484099225764197
278,0.858501004114684
279,0.9642825057431872
280,0.9196116055304353
281,0.9866015325118902
282,0.8927566410373498
283,0.8282081317873186
284,0.847688179145778
285,0.8853194965262423
286,0.8986916348062031
287,0.8508651133050209
288,0.9118376799388622
289,1.0360777781643695
290,0.9111827008948612
291,0.851098635444328
292,0.977056771631682
293,0.9278816624740982
294,0.940268740760246
295,0.7965481050220814
296,0.8907070798584706
297,0.9811750104448297
298,0.8939682884373471
299,0.9265454336676885
300,0.8571999106510043
301,0.9603516126199785
302,0.7780013441798045
303,0.9046965187905001
304,0.8635929853677723
305,0.8952989282371476
306,0.8707013927843773
307,0.8382528487636461
308,0.9274542785640514
309,0.8135469157282905
310,0.8778735975747692
311,0.8789494150831962
312,0.8148009298845227
313,0.8481496552591026
314,0.9324162580055395
315,0.7967275082690752
316,0.8816254635569063
317,0.8183557474574149
318,0.8333446194971927
319,0.9940190453206189
320,0.9020110453269121
321,0.7871629611493055
322,1.0427170780701203
323,0.839994302286177
324,0.9069765643553847
325,0.7958259286240148
326,0.7877905873012644
327,0.8676877868478093
328,0.8236028619481729
329,0.9024834174248968
330,0.8161738199031261
331,0.8265183961053895
332,0.8752598482094358
333,0.7251007698884258
334,0.9577573438575531
335,0.9238033737061295
336,0.754438672534513
337,0.9262381764033465
338,0.8955548122931939
339,0.9195535665611158
340,0.8452036555096213
341,0.9177002851040329
342,0.8547484479801675
343,0.9412365038354907
344,0.7724960793564746
345,0.7730295562149079
346,0.9330374179303114
347,0.8288271948347185
348,0.9390099729653034
349,0.8358582860828281
350,0.8148299862331184
351,0.9383723784579688
352,0.8295914215225562
353,0.8654068840623175
354,0.755070564395687
355,0.8777443058276166
356,0.9146192100557459
357,0.8599486705825178
358,0.9201360425539443
359,0.8110615136498075
360,0.8748704237994545
361,0.9111423029824635
362,0.7982920281157128
363,0.8149631225886238
364,0.9086948196333061
365,0.8506056750507445
366,0.83644006042061
367,0.8196439096980944
368,0.7768946440549545
369,0.9037619962912411
370,0.9046300871523939
371,1.0238765408236854
372,0.8844371538065167
373,0.8758962845281413
374,0.8222518755018944
375,0.7526554876479897
376,0.8536264144477566
377,0.8539409432806772
378,0.8325691872844166
379,0.8981351170104734
380,0.8407477901207197
381,0.8830577720839414
382,0.8768881232396211
383,0.9238970560048206
384,0.865999845735871
385,0.9136055026315276
386,0.8931431272520285
387,0.8651950120496267
388,0.8102411676557796
389,0.9464888219077068
390,0.8693713888141614
391,0.882749584867125
392,0.8457894797944044
393,0.9112512272498823
394,0.8531992253485425
395,0.9479742812111173
396,0.9651142846367142
397,0.9206499527609525
398,0.9164415077220431
399,0.8678396672654827
400,0.8260853315281143
401,0.8685205799518838
402,0.8938774726778214
403,0.7795718644218868
404,0.9783004636817089
405,0.8236683466783554
406,1.016933431132503
407,0.8985895199948428
408,0.7804751957159805
409,0.9328297665345667
410,0.8357317335825509
411,0.8353618197174728
412,0.8864289023996312
413,0.971326479576922
414,0.9665963410226805
415,0.8601899991877587
416,0.9314772220920351
417,0.9004839271568077
418,0.8458416454664022
419,0.8014463223312084
420,0.9673658228579043
421,0.8580101291317533
422,1.0140660504373702
423,0.8624824336833834
424,0.8642810137294241
425,0.9216866069927407
426,0.773820368026856
427,0.8869687519712012
428,0.8600404377842416
429,0.794167164317413
430,0.8289669235050235
431,0.790204647369291
432,0.8915340891396513
433,0.8835380849069147
434,0.8896061019233412
435,0.8853286616404156
436,0.7686018339129526
437,0.8692635560557154
438,0.8678936543154947
439,0.9291707054643658
440,0.8069733968360553
441,0.8492562032677069
442,0.7809895028798105
443,0.930330563707779
444,0.8756443287111325
445,0.8698042537140666
446,0.7755366652029828
447,1.0733760375086863
448,0.9353650819903765
449,0.8768551281065898
450,0.9253706704283053
451,0.8531372684955059
452,0.8777842274835487
453,0.8034383141946245
454,0.9004048829409361
455,0.9437463443114724
456,0.7682498947914288
457,0.9184098833881309
458,0.8513538887918644
459,0.9718132580655017
460,0.8421939694432641
461,0.8953195491264095
462,0.8740048288392723
463,0.8194462546134277
464,0.8288486347199814
465,0.9117195016479107
466,0.8773170303268965
467,0.8451509857904447
468,0.7519705337587971
469,0.841063438174952
470,0.8659170297492519
471,0.9560085136943783
472,0.8808406581859942
473,0.8592579241603279
474,0.9178520394504868
475,0.7913453039723622
476,0.8910615994659574
477,0.8527997898564168
478,0.851280982846299
479,0.959678349677361
480,0.7595843806037934
481,0.9553941453577429
482,0.9340356028976646
483,0.9137376686201304
484,0.9213542381722817
485,1.0042504439455364
486,0.7767305068001075
487,0.8303901098567862
488,0.9040597700797937
489,0.9115715775436346
490,0.9170907756546189
491,0.8230364862542938
492,0.9367746762003282
493,0.7952021337116356
494,0.8774879430950177
495,0.9291636085840103
496,0.8171022342519717
497,0.8428770891081352
498,0.7989971342387923
499,0.9091951704988814
500,0.8293980001968573
501,0.7808277335284259
502,0.8791306697541397
503,0.966994708477385
504,1.0615464628944449
505,0.86373424585018
506,0.8510918392964447
507,0.9347065252469908
508,0.9769086323651632
509,0.8342720416169673
510,0.8056812993692568
511,0.8873112924449593
512,0.8172530449825086
513,0.8453673227860707
514,0.8810157490542493
515,0.8151071629769451
516,0.9743322482353947
517,0.9222849337549328
518,0.8978065769059007
519,0.8007102453481382
520,0.7262807114571215
521,0.7557632875543292
522,0.8982802145343544
523,0.8427772215378593
524,0.8951501411893733
525,0.8813650438909654
526,0.8699686876763731
527,0.8983621398927102
528,0.7850312301238296
529,0.7788878684785758
530,0.8614948372063542
531,0.8770227636154957
532,0.8657186479703142
533,0.8156020859396904
534,0.7968736826995627
535,0.8781187143054585
536,0.865097636851861
537,0.9961539635047033
538,0.8885387347281218
539,0.9121638164260694
540,0.9171880603208606
541,0.8748568681847882
542,0.9516655882163909
543,0.7901719013513202
544,0.74516381300916
545,0.9507035381247824
546,0.9470195192122554
547,0.8972678759315675
548,0.8941500439626952
549,1.009268806387036
550,0.8425986301752943
551,0.9354906871967308
552,0.8848544858992413
553,0.8132129421295623
554,0.9413059928767611
555,0.8906673947667402
556,0.849616516705815
557,0.8009294336155625
558,0.9253066935667507
559,0.7999552181314691
560,0.7980898575847135
561,0.8454018955225142
562,0.9310382115458634
563,0.8249546372438965
564,0.8212679516014508
565,0.8416896534374797
566,0.7773685395285381
567,0.8842477695874527
568,0.8477568228356289
569,0.7709083542095263
570,0.8653923726102679
571,0.8600481811957181
572,0.8310467600396901
573,0.9159615455006312
574,0.8883542439077948
575,0.8633475504879945
576,0.8978791210280809
577,0.9160467893791567
578,0.9502793958225091
579,0.9178980704434521
580,0.890223099894632
581,0.8322368608919835
582,0.9028081107002653
583,0.8686841220596304
584,0.8533374818839259
585,0.7913807068994078
586,0.8981796460764434
587,0.91081546830288
588,0.8315488542805265
589,0.8561086766597323
590,0.9319243328590808
591,0.9211774999058264
592,0.8999807011363855
593,0.9332965884415134
594,0.8872394501880685
595,0.9046137453961572
596,0.8565342088562914
597,0.875944825056842
598,0.9291924126580315
599,0.8888287762247072
600,0.7681929322368213
601,0.8233182704828583
602,0.9697739334423627
603,0.9034484679699382
604,0.8450305067216838
605,0.7947334426826785
606,0.9902269082739176
607,0.8319817238628774
608,0.8407030417443723
609,1.0398235085581742
610,0.8934618555155975
611,0.7741939500706587
612,0.718422683151258
613,0.8944812652530527
614,0.8270766741305973
615,0.8575711342038578
616,0.84790132273709
617,0.7865005436584673
618,1.0002362395537339
619,0.9244252235878295
620,0.8184876779702341
621,0.8554145716194036
622,0.880692659077291
623,0.8344122755224581
624,0.9017504470640183
625,0.8880685018013607
626,0.8570855390565034
627,0.9299255888946357
628,0.9493719689102053
629,0.9141721330074584
630,0.8353718834806946
631,0.868044299185771
632,0.898886763992151
633,0.8143925787120609
634,0.9227406842013878
635,0.8978816342868313
636,0.8007521399746792
637,0.8774562690714778
638,0.9031954664416402
639,0.9400348306948516
640,0.917320876573986
641,0.7942051510814441
642,0.785813575656469
643,0.812557861186749
644,0.966793863033924
645,0.8649866545352538
646,0.8980624617252951
647,0.8399471797242912
648,0.9104516743790847
649,0.8853038294954401
650,0.7860413015001733
651,0.9936990993421276
652,0.6859200072543147
653,0.9232676535624165
654,0.9175240642362843
655,0.901948836375902
656,0.9121522930023154
657,0.8735014364385492
658,0.8737904298045941
659,0.9524071162939033
660,0.8760968281353025
661,0.9386132981079512
662,0.8834404643624011
663,0.8855685489818561
664,0.8740495432257556
665,0.8537428580721209
666,0.9183741678324515
667,0.8723378752816673
668,0.8416942434170201
669,0.9256332331438365
670,0.9465307318052631
671,0.9318534574103514
672,0.8401432314313138
673,0.85516069529349
674,0.8533902375622711
675,0.9260007511242921
676,0.9756454318108801
677,0.9117112281189432
678,0.8976100828392002
679,0.9575278216293033
680,0.7271108325321323
681,0.9569292917367856
682,0.802639753064757
683,0.9357245936709213
684,0.8901106541508692
685,0.8854711105955624
686,0.8944295807938727
687,0.785780541676071
688,0.8763053119743327
689,0.8527793693767697
690,0.859517174641986
691,0.8443071742793117
692,0.920674050050053
693,0.8451053496435215
694,0.8314632882634194
695,0.8166927027801845
696,0.8115597669568823
697,0.9492049452597747
698,0.8847709392842529
699,0.9526093286598836
700,0.9053904273978479
701,0.8852166640874952
702,0.8692141974126226
703,0.9174841425040106
704,0.8882443713623064
705,0.9335947032308018
706,0.9432867362611421
707,0.922925162688928
708,0.9475830727823308
709,0.8645895414723604
710,0.9326312819273782
711,0.8779365442463891
712,0.9291351456180296
713,0.88872930777728
714,0.781594080993608
715,0.9127285117901975
716,0.8778743544269023
717,0.8806792839897445
718,0.8622202785851987
719,0.8565827310925472
720,0.9069326722578747
721,0.946119099566826
722,0.8503135946617836
723,0.9224128194789863
724,0.970031091951763
725,0.8534677200633001
726,0.8664337537655388
727,0.845719543717373
728,0.99784905540378
729,1.02128305763609
730,0.8883255755326206
731,0.899650254249382
732,0.8080634303938241
733,0.9365019241067984
734,0.8631812895406566
735,0.8293157454559047
736,0.9366021209950586
737,0.8977571573437219
738,0.8101368030966064
739,0.9303017892511106
740,0.8648770135065545
741,0.8943826391703934
742,0.7643327105481355
743,0.8858107991086893
744,0.8656032318392178
745,0.88421768315753
746,0.7538628776873317
747,0.8486352931768502
748,0.8607267183306307
749,0.8941780341511874
750,0.957250499854977
751,0.8489292178259588
752,0.9273899818079288
753,0.8177299968496896
754,0.8269772615116617
755,0.8835172840358649
756,0.865369384342447
757,0.8668182673275763
758,0.99161950102559
759,0.8973382252241925
760,0.9507825596125892
761,0.8546583040223288
762,0.9134687746282486
763,0.8208384184148714
764,0.8348293675606463
765,0.8774380952634893
766,0.8746543890711329
767,0.8712176142623556
768,0.9196743018523882
769,0.8528527184489366
770,0.8250591400401421
771,0.8572418770462586
772,0.9765010786790422
773,0.9233377794641296
774,0.9189872881934018
775,0.9791228204080888
776,0.83331639561189
777,0.8269962735845268
778,0.9258565582521887
779,0.8946952722145995
780,0.8082782644305903
781,0.9601013211440439
782,0.9374167103126801
783,0.8897078184056317
784,0.9864241272014002
785,1.033737308049032
786,0.8759450999754054
787,0.8802982003451127
788,0.8895544887540578
789,0.8395962992719013
790,0.8664592435022311
791,0.905501873063131
792,0.8773431977845241
793,0.7851266623880204
794,0.8428335745466777
795,0.7890674775174534
796,0.8904398329051044
797,0.8963031158318602
798,0.814949950072215
799,0.8864888344649071
800,0.8968064317513451
801,0.7573865457841549
802,0.8896534399961737
803,0.9029905356993021
804,0.9015420837946329
805,0.954036034105736
806,0.941739414052057
807,0.9640299991487945
808,0.9246388954932148
809,0.8420219554694504
810,0.9260175761016318
811,0.8365686334285776
812,0.8792254233738733
813,0.9633039957180646
814,0.8529855031536011
815,0.9662548766051167
816,0.8970090859033212
817,0.7823206467859565
818,0.8166108652588742
819,0.9652027977209164
820,0.8341527929257976
821,0.827900171836294
822,0.9555984273498184
823,0.7372491709927195
824,0.8529148547971017
825,0.9430989724878419
826,0.8420661893789019
827,0.993874908653479
828,0.9036034581069236
829,0.9304918642286191
830,0.9348214530992074
831,0.8393019666404357
832,0.8845759245564415
833,0.810591261683463
834,0.92538427301185
835,0.8143779788374065
836,0.912680183567122
837,0.9111706077747362
838,0.8752500888427687
839,0.8387978074294886
840,0.9395780322056579
841,0.7178400054369524
842,0.937744902896934
843,0.914744447555305
844,0.7807118062874724
845,0.8742172508253718
846,0.8415605249938921
847,0.8194205194750234
848,0.8654101085520173
849,0.8876433014951101
850,0.8936993538573985
851,0.8289658951073114
852,0.8612107397089015
853,0.8727859367128344
854,0.9062143976427204
855,0.95781486049709
856,0.8110051420435678
857,0.9077736611390835
858,0.9124412254244167
859,0.8291569027191797
860,0.8930608682984558
861,0.9259476325464403
862,0.8487098471480146
863,0.931149054556215
864,0.9157213577335039
865,0.8195783457201888
866,0.8709464269040428
867,0.8721939674483749
868,0.8932257431742079
869,0.8581738386078938
870,0.8175946459946323
871,0.9770318994434206
872,0.8577840405432356
873,0.8119910833693705
874,0.7853888154880326
875,0.8721552979254498
876,0.9030296027069876
877,0.8769296330928124
878,0.9385710784297918
879,1.0421129521393884
880,0.9792955493621854
881,1.012200861081266
882,0.8861726089316015
883,0.8919537963116967
884,0.929446848654135
885,0.8835069584008542
886,0.8883006014194215
887,0.9053994162554827
888,0.872437025729604
889,0.8601832378879372
890,0.8551545321557074
891,0.914062584323226
892,0.7918798995920673
893,0.8932418724465532
894,0.936749290734285
895,0.7733372679480822
896,0.9050096035082051
897,0.8613982004582069
898,0.928792294234146
899,0.8826040627004199
900,0.8680957950731659
901,0.826480366273416
902,0.8231866230567484
903,0.9561630086590511
904,0.7736315627716677
905,0.9654387860163172
906,0.9316033490536398
907,0.8655620870416898
908,0.8672236648749363
909,0.8331655403124222
910,0.8709882571427593
911,0.8231636544621506
912,0.9983927601718241
913,1.0310751738341113
914,0.8671856361088288
915,0.9060600460367072
916,0.8002061373676098
917,0.8955315551730818
918,1.0337624685788875
919,0.9037156322699065
920,0.7650898668699954
921,0.9709996695800841
922,0.8219376695102976
923,0.901324947528753
924,0.7966027210157999
925,0.7739593663201044
926,0.8302549061610371
927,0.7757416979294164
928,0.7464593496893019
929,0.8624486423089993
930,0.9095682575791793
931,0.8644801635989499
932,0.8154852784919361
933,0.9227148139074696
934,0.8371839055638052
935,0.9300893550838298
936,0.7926065280094876
937,0.8996462713897411
938,0.965002035820866
939,0.8990963857293301
940,0.8626926428259827
941,0.831387192495137
942,0.8834379947508624
943,0.9642450107996544
944,0.8948650814101049
945,0.9058611517917802
946,0.9150769266471163
947,0.8500506665428345
948,0.8138131762952938
949,0.8175896282946062
950,0.864822373298134
951,0.9599817853852388
952,0.9089345080146283
953,0.9068228346956357
954,0.8003620480744216
955,0.8783189396864866
956,0.7761257091874888
957,0.8375049705981549
958,0.9380704098807171
959,0.944840376289106
960,1.003002430683696
961,0.9185695577958582
962,0.8494418802911152
963,0.8289258953098145
964,0.9452691801947001
965,0.9603900727516013
966,0.810333155693835
967,0.8496173605333401
968,0.9502600473684286
969,0.8954010839717198
970,0.792523228443342
971,0.9049042012711295
972,0.9466838203471013
973,0.8796619583244262
974,0.8895948699164148
975,0.9508283763379053
976,0.8007677500881916
977,0.7747938087425207
978,0.8395371304301373
979,0.9388941764245289
980,0.9254212716997892
981,0.8347347495841153
982,0.96580926590218
983,0.932439851532145
984,0.9123405560906925
985,0.8262868638746113
986,0.8547393178024523
987,0.7639546522773083
988,0.8781036391398575
989,0.9128899428601487
990,0.7949097335623413
991,0.9604607859184943
992,0.9303830816715553
993,0.847829656370072
994,0.8546788405555936
995,1.0310492341670257
996,0.865055258567315
997,0.830546476546953
998,0.8908445243571653
