target,scope,h_observed_union_calendar_steps,initial_training_quotes,calibration_origins,required_prior_shared_quotes_including_origin,history_count_upper_bound_origins,complete_recent_window_origins,changed_target_endpoint_upper_bound_origins,changed_target_endpoint_complete_window_origins,positive_reported_quantity_at_origin_upper_bound_origins,positive_reported_quantity_at_origin_complete_window_origins,first_upper_bound_origin,last_upper_bound_origin,first_complete_window_origin,last_complete_window_origin,official_calendar_independently_certified,past_history_can_span_other_regimes,future_trade_state_used_for_eligibility,future_target_variation_is_retrospective_diagnostic_only,future_composite_quote_required_for_annual_target_scoring,forecast_skill_estimated
CEA,all,1,250,80,330,932,541,342,147,455,234,2022-11-24,2026-09-29,2022-11-24,2026-07-01,False,True,False,True,False,False
CEA,all,5,250,80,334,924,533,576,272,451,228,2022-11-30,2026-09-22,2022-11-30,2026-07-01,False,True,False,True,False,False
CEA,multi_component,1,250,80,330,567,238,240,45,269,48,2023-08-28,2025-12-30,2023-08-28,2025-12-30,False,True,False,True,False,False
CEA,multi_component,5,250,80,334,563,230,425,121,266,43,2023-08-28,2025-12-24,2023-08-28,2025-12-24,False,True,False,True,False,False
CEA,regime_2021,1,250,80,330,184,184,101,101,184,184,2022-11-24,2023-08-24,2022-11-24,2023-08-24,False,True,False,True,False,False
CEA,regime_2021,5,250,80,334,176,176,142,142,176,176,2022-11-30,2023-08-18,2022-11-30,2023-08-18,False,True,False,True,False,False
CEA,regime_2023,1,250,80,330,277,2,161,2,185,2,2023-08-28,2024-10-24,2023-08-28,2023-08-29,False,True,False,True,False,False
CEA,regime_2023,5,250,80,334,273,2,247,2,182,2,2023-08-28,2024-10-18,2023-08-28,2023-08-29,False,True,False,True,False,False
CEA,regime_2024,1,250,80,330,122,69,41,6,46,8,2024-10-28,2025-04-25,2025-01-10,2025-04-25,False,True,False,True,False,False
CEA,regime_2024,5,250,80,334,118,61,76,22,45,5,2024-10-28,2025-04-21,2025-01-16,2025-04-21,False,True,False,True,False,False
CEA,regime_2025,1,250,80,330,166,166,37,37,37,37,2025-04-29,2025-12-30,2025-04-29,2025-12-30,False,True,False,True,False,False
CEA,regime_2025,5,250,80,334,162,162,93,93,34,34,2025-04-29,2025-12-24,2025-04-29,2025-12-24,False,True,False,True,False,False
CEA,regime_2026,1,250,80,330,179,117,0,0,0,0,2026-01-05,2026-09-29,2026-01-05,2026-07-01,False,True,False,True,False,False
CEA,regime_2026,5,250,80,334,175,117,0,0,0,0,2026-01-05,2026-09-22,2026-01-05,2026-07-01,False,True,False,True,False,False
CEA21,all,1,250,80,330,418,354,58,58,62,62,2025-01-08,2026-09-29,2025-01-10,2026-07-01,False,True,False,True,False,False
CEA21,all,5,250,80,334,410,350,146,144,62,62,2025-01-14,2026-09-22,2025-01-16,2026-07-01,False,True,False,True,False,False
CEA21,multi_component,1,250,80,330,238,236,58,58,61,61,2025-01-08,2025-12-30,2025-01-10,2025-12-30,False,True,False,True,False,False
CEA21,multi_component,5,250,80,334,230,228,142,140,57,57,2025-01-14,2025-12-24,2025-01-16,2025-12-24,False,True,False,True,False,False
CEA21,regime_2021,1,250,80,330,0,0,0,0,0,0,,,,,False,True,False,True,False,False
CEA21,regime_2021,5,250,80,334,0,0,0,0,0,0,,,,,False,True,False,True,False,False
CEA21,regime_2023,1,250,80,330,0,0,0,0,0,0,,,,,False,True,False,True,False,False
CEA21,regime_2023,5,250,80,334,0,0,0,0,0,0,,,,,False,True,False,True,False,False
CEA21,regime_2024,1,250,80,330,71,69,16,16,15,15,2025-01-08,2025-04-25,2025-01-10,2025-04-25,False,True,False,True,False,False
CEA21,regime_2024,5,250,80,334,63,61,35,33,14,14,2025-01-14,2025-04-21,2025-01-16,2025-04-21,False,True,False,True,False,False
CEA21,regime_2025,1,250,80,330,166,166,42,42,45,45,2025-04-29,2025-12-30,2025-04-29,2025-12-30,False,True,False,True,False,False
CEA21,regime_2025,5,250,80,334,162,162,102,102,41,41,2025-04-29,2025-12-24,2025-04-29,2025-12-24,False,True,False,True,False,False
CEA21,regime_2026,1,250,80,330,179,117,0,0,0,0,2026-01-05,2026-09-29,2026-01-05,2026-07-01,False,True,False,True,False,False
CEA21,regime_2026,5,250,80,334,175,117,0,0,0,0,2026-01-05,2026-09-22,2026-01-05,2026-07-01,False,True,False,True,False,False
CEA22,all,1,250,80,330,418,354,106,106,112,111,2025-01-08,2026-09-29,2025-01-10,2026-07-01,False,True,False,True,False,False
CEA22,all,5,250,80,334,410,350,196,195,111,110,2025-01-14,2026-09-22,2025-01-16,2026-07-01,False,True,False,True,False,False
CEA22,multi_component,1,250,80,330,238,236,105,105,110,109,2025-01-08,2025-12-30,2025-01-10,2025-12-30,False,True,False,True,False,False
CEA22,multi_component,5,250,80,334,230,228,190,189,106,105,2025-01-14,2025-12-24,2025-01-16,2025-12-24,False,True,False,True,False,False
CEA22,regime_2021,1,250,80,330,0,0,0,0,0,0,,,,,False,True,False,True,False,False
CEA22,regime_2021,5,250,80,334,0,0,0,0,0,0,,,,,False,True,False,True,False,False
CEA22,regime_2023,1,250,80,330,0,0,0,0,0,0,,,,,False,True,False,True,False,False
CEA22,regime_2023,5,250,80,334,0,0,0,0,0,0,,,,,False,True,False,True,False,False
CEA22,regime_2024,1,250,80,330,71,69,19,19,20,19,2025-01-08,2025-04-25,2025-01-10,2025-04-25,False,True,False,True,False,False
CEA22,regime_2024,5,250,80,334,63,61,42,41,17,16,2025-01-14,2025-04-21,2025-01-16,2025-04-21,False,True,False,True,False,False
CEA22,regime_2025,1,250,80,330,166,166,86,86,89,89,2025-04-29,2025-12-30,2025-04-29,2025-12-30,False,True,False,True,False,False
CEA22,regime_2025,5,250,80,334,162,162,144,144,86,86,2025-04-29,2025-12-24,2025-04-29,2025-12-24,False,True,False,True,False,False
CEA22,regime_2026,1,250,80,330,179,117,1,1,1,1,2026-01-05,2026-09-29,2026-01-05,2026-07-01,False,True,False,True,False,False
CEA22,regime_2026,5,250,80,334,175,117,1,1,1,1,2026-01-05,2026-09-22,2026-01-05,2026-07-01,False,True,False,True,False,False
CEA23,all,1,250,80,330,140,78,0,0,0,0,2026-03-09,2026-09-29,2026-03-09,2026-07-01,False,True,False,True,False,False
CEA23,all,5,250,80,334,132,74,0,0,0,0,2026-03-13,2026-09-22,2026-03-13,2026-07-01,False,True,False,True,False,False
CEA23,multi_component,1,250,80,330,0,0,0,0,0,0,,,,,False,True,False,True,False,False
CEA23,multi_component,5,250,80,334,0,0,0,0,0,0,,,,,False,True,False,True,False,False
CEA23,regime_2021,1,250,80,330,0,0,0,0,0,0,,,,,False,True,False,True,False,False
CEA23,regime_2021,5,250,80,334,0,0,0,0,0,0,,,,,False,True,False,True,False,False
CEA23,regime_2023,1,250,80,330,0,0,0,0,0,0,,,,,False,True,False,True,False,False
CEA23,regime_2023,5,250,80,334,0,0,0,0,0,0,,,,,False,True,False,True,False,False
CEA23,regime_2024,1,250,80,330,0,0,0,0,0,0,,,,,False,True,False,True,False,False
CEA23,regime_2024,5,250,80,334,0,0,0,0,0,0,,,,,False,True,False,True,False,False
CEA23,regime_2025,1,250,80,330,0,0,0,0,0,0,,,,,False,True,False,True,False,False
CEA23,regime_2025,5,250,80,334,0,0,0,0,0,0,,,,,False,True,False,True,False,False
CEA23,regime_2026,1,250,80,330,140,78,0,0,0,0,2026-03-09,2026-09-29,2026-03-09,2026-07-01,False,True,False,True,False,False
CEA23,regime_2026,5,250,80,334,132,74,0,0,0,0,2026-03-13,2026-09-22,2026-03-13,2026-07-01,False,True,False,True,False,False
CEA24,all,1,250,80,330,17,0,0,0,0,0,2026-09-04,2026-09-29,,,False,True,False,True,False,False
CEA24,all,5,250,80,334,9,0,0,0,0,0,2026-09-10,2026-09-22,,,False,True,False,True,False,False
CEA24,multi_component,1,250,80,330,0,0,0,0,0,0,,,,,False,True,False,True,False,False
CEA24,multi_component,5,250,80,334,0,0,0,0,0,0,,,,,False,True,False,True,False,False
CEA24,regime_2021,1,250,80,330,0,0,0,0,0,0,,,,,False,True,False,True,False,False
CEA24,regime_2021,5,250,80,334,0,0,0,0,0,0,,,,,False,True,False,True,False,False
CEA24,regime_2023,1,250,80,330,0,0,0,0,0,0,,,,,False,True,False,True,False,False
CEA24,regime_2023,5,250,80,334,0,0,0,0,0,0,,,,,False,True,False,True,False,False
CEA24,regime_2024,1,250,80,330,0,0,0,0,0,0,,,,,False,True,False,True,False,False
CEA24,regime_2024,5,250,80,334,0,0,0,0,0,0,,,,,False,True,False,True,False,False
CEA24,regime_2025,1,250,80,330,0,0,0,0,0,0,,,,,False,True,False,True,False,False
CEA24,regime_2025,5,250,80,334,0,0,0,0,0,0,,,,,False,True,False,True,False,False
CEA24,regime_2026,1,250,80,330,17,0,0,0,0,0,2026-09-04,2026-09-29,,,False,True,False,True,False,False
CEA24,regime_2026,5,250,80,334,9,0,0,0,0,0,2026-09-10,2026-09-22,,,False,True,False,True,False,False
CEA25,all,1,250,80,330,0,0,0,0,0,0,,,,,False,True,False,True,False,False
CEA25,all,5,250,80,334,0,0,0,0,0,0,,,,,False,True,False,True,False,False
CEA25,multi_component,1,250,80,330,0,0,0,0,0,0,,,,,False,True,False,True,False,False
CEA25,multi_component,5,250,80,334,0,0,0,0,0,0,,,,,False,True,False,True,False,False
CEA25,regime_2021,1,250,80,330,0,0,0,0,0,0,,,,,False,True,False,True,False,False
CEA25,regime_2021,5,250,80,334,0,0,0,0,0,0,,,,,False,True,False,True,False,False
CEA25,regime_2023,1,250,80,330,0,0,0,0,0,0,,,,,False,True,False,True,False,False
CEA25,regime_2023,5,250,80,334,0,0,0,0,0,0,,,,,False,True,False,True,False,False
CEA25,regime_2024,1,250,80,330,0,0,0,0,0,0,,,,,False,True,False,True,False,False
CEA25,regime_2024,5,250,80,334,0,0,0,0,0,0,,,,,False,True,False,True,False,False
CEA25,regime_2025,1,250,80,330,0,0,0,0,0,0,,,,,False,True,False,True,False,False
CEA25,regime_2025,5,250,80,334,0,0,0,0,0,0,,,,,False,True,False,True,False,False
CEA25,regime_2026,1,250,80,330,0,0,0,0,0,0,,,,,False,True,False,True,False,False
CEA25,regime_2026,5,250,80,334,0,0,0,0,0,0,,,,,False,True,False,True,False,False
