target,scope,target_rows,target_quote_days,missing_close_days,date_min,date_max,common_composite_quote_days,unique_close_values,nonpositive_close_days,adjacent_calendar_comparisons,changed_close_days,unchanged_close_days,longest_unchanged_quote_run,reported_quantity_positive_days,reported_quantity_zero_days,reported_quantity_missing_days,reported_quantity_negative_days,changed_close_with_zero_reported_quantity_days,changed_close_with_positive_reported_quantity_days,exact_composite_equal_days,gap_nonzero_days,gap_gt_one_cent_days,gap_max_abs,gap_median_abs,actual_trade_status_certified
composite,all,1262,1262,0,2021-07-16,2026-09-30,1262,846,0,1259,1033,226,17,1236,26,0,0,0,1033,1262,0,0,0.00,0.00,False
composite,multi_component,568,568,0,2023-08-28,2025-12-31,568,504,0,566,530,36,4,554,14,0,0,0,530,568,0,0,0.00,0.00,False
composite,regime_2021,514,514,0,2021-07-16,2023-08-25,514,218,0,513,341,172,17,514,0,0,0,0,341,514,0,0,0.00,0.00,False
composite,regime_2023,278,278,0,2023-08-28,2024-10-25,278,256,0,276,262,14,3,278,0,0,0,0,262,278,0,0,0.00,0.00,False
composite,regime_2024,123,123,0,2024-10-28,2025-04-28,123,97,0,122,101,21,4,109,14,0,0,0,101,123,0,0,0.00,0.00,False
composite,regime_2025,167,167,0,2025-04-29,2025-12-31,167,160,0,166,165,1,2,167,0,0,0,0,165,167,0,0,0.00,0.00,False
composite,regime_2026,180,180,0,2026-01-05,2026-09-30,180,145,0,178,161,17,3,168,12,0,0,0,161,180,0,0,0.00,0.00,False
CEA,all,1264,1264,0,2021-07-16,2026-09-30,1262,404,0,1263,583,680,182,785,479,0,0,0,583,518,744,740,25.69,0.395,False
CEA,multi_component,569,569,0,2023-08-28,2025-12-31,568,195,0,568,241,327,41,271,298,0,0,0,241,4,564,560,12.58,1.14,False
CEA,regime_2021,514,514,0,2021-07-16,2023-08-25,514,218,0,513,341,172,17,514,0,0,0,0,341,514,0,0,0.00,0.00,False
CEA,regime_2023,279,279,0,2023-08-28,2024-10-25,278,133,0,278,162,116,17,186,93,0,0,0,162,2,276,273,6.01,1.15,False
CEA,regime_2024,123,123,0,2024-10-28,2025-04-28,123,40,0,122,41,81,28,47,76,0,0,0,41,2,121,121,4.22,0.73,False
CEA,regime_2025,167,167,0,2025-04-29,2025-12-31,167,35,0,166,37,129,41,38,129,0,0,0,37,0,167,166,12.58,1.65,False
CEA,regime_2026,181,181,0,2026-01-05,2026-09-30,180,1,0,180,0,180,181,0,181,0,0,0,0,0,180,180,25.69,7.85,False
CEA21,all,750,750,0,2023-08-28,2026-09-30,748,201,0,749,243,506,182,262,488,0,0,0,243,10,738,734,25.17,1.45,False
CEA21,multi_component,569,569,0,2023-08-28,2025-12-31,568,201,0,568,243,325,24,262,307,0,0,0,243,10,558,554,10.01,0.93,False
CEA21,regime_2021,0,0,0,,,0,0,0,0,0,0,0,0,0,0,0,0,0,0,0,0,,,False
CEA21,regime_2023,279,279,0,2023-08-28,2024-10-25,278,139,0,278,156,122,24,171,108,0,0,0,156,9,269,267,9.64,1.00,False
CEA21,regime_2024,123,123,0,2024-10-28,2025-04-28,123,41,0,122,44,78,14,45,78,0,0,0,44,1,122,121,4.74,0.75,False
CEA21,regime_2025,167,167,0,2025-04-29,2025-12-31,167,36,0,166,42,124,21,46,121,0,0,0,42,0,167,166,10.01,0.96,False
CEA21,regime_2026,181,181,0,2026-01-05,2026-09-30,180,1,0,180,0,180,181,0,181,0,0,0,0,0,180,180,25.17,7.33,False
CEA22,all,750,750,0,2023-08-28,2026-09-30,748,339,0,749,394,355,180,406,344,0,0,0,394,4,744,740,23.30,1.40,False
CEA22,multi_component,569,569,0,2023-08-28,2025-12-31,568,338,0,568,393,175,17,405,164,0,0,0,393,4,564,560,9.08,0.915,False
CEA22,regime_2021,0,0,0,,,0,0,0,0,0,0,0,0,0,0,0,0,0,0,0,0,,,False
CEA22,regime_2023,279,279,0,2023-08-28,2024-10-25,278,219,0,278,243,35,7,249,30,0,0,0,243,2,276,273,9.08,0.975,False
CEA22,regime_2024,123,123,0,2024-10-28,2025-04-28,123,60,0,122,63,59,14,66,57,0,0,0,63,0,123,123,4.50,0.80,False
CEA22,regime_2025,167,167,0,2025-04-29,2025-12-31,167,77,0,166,86,80,17,90,77,0,0,0,86,2,165,164,8.66,0.93,False
CEA22,regime_2026,181,181,0,2026-01-05,2026-09-30,180,2,0,180,1,179,180,1,180,0,0,0,1,0,180,180,23.30,5.46,False
CEA23,all,471,471,0,2024-10-28,2026-09-30,470,231,0,470,248,222,156,257,214,0,0,0,248,4,466,466,18.69,1.13,False
CEA23,multi_component,290,290,0,2024-10-28,2025-12-31,290,229,0,289,245,44,8,253,37,0,0,0,245,1,289,289,12.45,0.805,False
CEA23,regime_2021,0,0,0,,,0,0,0,0,0,0,0,0,0,0,0,0,0,0,0,0,,,False
CEA23,regime_2023,0,0,0,,,0,0,0,0,0,0,0,0,0,0,0,0,0,0,0,0,,,False
CEA23,regime_2024,123,123,0,2024-10-28,2025-04-28,123,83,0,122,83,39,8,88,35,0,0,0,83,1,122,122,3.90,0.75,False
CEA23,regime_2025,167,167,0,2025-04-29,2025-12-31,167,146,0,166,161,5,3,165,2,0,0,0,161,0,167,167,12.45,0.83,False
CEA23,regime_2026,181,181,0,2026-01-05,2026-09-30,180,4,0,180,3,177,156,4,177,0,0,0,3,3,177,177,18.69,3.04,False
CEA24,all,348,348,0,2025-04-29,2026-09-30,347,161,0,347,170,177,152,176,172,0,0,0,170,5,342,341,18.69,1.46,False
CEA24,multi_component,167,167,0,2025-04-29,2025-12-31,167,153,0,166,161,5,3,164,3,0,0,0,161,1,166,165,13.10,0.95,False
CEA24,regime_2021,0,0,0,,,0,0,0,0,0,0,0,0,0,0,0,0,0,0,0,0,,,False
CEA24,regime_2023,0,0,0,,,0,0,0,0,0,0,0,0,0,0,0,0,0,0,0,0,,,False
CEA24,regime_2024,0,0,0,,,0,0,0,0,0,0,0,0,0,0,0,0,0,0,0,0,,,False
CEA24,regime_2025,167,167,0,2025-04-29,2025-12-31,167,153,0,166,161,5,3,164,3,0,0,0,161,1,166,165,13.10,0.95,False
CEA24,regime_2026,181,181,0,2026-01-05,2026-09-30,180,9,0,180,9,171,152,12,169,0,0,0,9,4,176,176,18.69,2.05,False
CEA25,all,181,181,0,2026-01-05,2026-09-30,180,146,0,180,163,17,3,166,15,0,0,0,163,180,0,0,0.00,0.00,False
CEA25,multi_component,0,0,0,,,0,0,0,0,0,0,0,0,0,0,0,0,0,0,0,0,,,False
CEA25,regime_2021,0,0,0,,,0,0,0,0,0,0,0,0,0,0,0,0,0,0,0,0,,,False
CEA25,regime_2023,0,0,0,,,0,0,0,0,0,0,0,0,0,0,0,0,0,0,0,0,,,False
CEA25,regime_2024,0,0,0,,,0,0,0,0,0,0,0,0,0,0,0,0,0,0,0,0,,,False
CEA25,regime_2025,0,0,0,,,0,0,0,0,0,0,0,0,0,0,0,0,0,0,0,0,,,False
CEA25,regime_2026,181,181,0,2026-01-05,2026-09-30,180,146,0,180,163,17,3,166,15,0,0,0,163,180,0,0,0.00,0.00,False
