omitted_month,spec,beta,theta,partial_R2,n_active,residual_df,ess
1,A,1.3109891582120359,0.8623217347418058,0.7435987742081174,150,135,150.0
1,C,1.230327918058054,0.8569299253915329,0.7343288970315381,150,135,150.0
2,A,1.3265923887071518,0.8612849407545855,0.7418117491706299,148,133,148.0
2,C,1.247369664435441,0.8465474796202546,0.7166426352514053,148,133,148.0
3,A,1.3124825645887708,0.8530191491970832,0.7276416688969157,146,131,146.0
3,C,1.2399183999696681,0.840760755218257,0.7068786475151738,146,131,146.0
4,A,1.317144790787222,0.8430312071380154,0.7107016162085794,148,133,148.0
4,C,1.2380191973419392,0.8261660688492714,0.682550373317859,148,133,148.0
5,A,1.2815660327348855,0.8413340875357351,0.707843046849588,151,136,151.0
5,C,1.2132068455376417,0.8263236486657032,0.6828107723442005,151,136,151.0
6,A,1.3363326418336057,0.8456042690960247,0.7150465799134221,146,131,146.0
6,C,1.264328462031763,0.8292822905602034,0.6877091174367777,146,131,146.0
7,A,1.297147084187563,0.841491826859447,0.7081084946712496,146,131,146.0
7,C,1.2173334468633135,0.8230450080482384,0.6774030852731249,146,131,146.0
8,A,1.3072538497057138,0.8626424330489667,0.744151967296641,147,132,147.0
8,C,1.2321197134920794,0.8489624997379965,0.7207373259613877,147,132,147.0
9,A,1.3491221656313852,0.8395627974095312,0.7048656907941175,146,131,146.0
9,C,1.2670866054789867,0.8231362600084151,0.6775533025406412,146,131,146.0
